{"stats":{"minecraft:picked_up":{"minecraft:stripped_oak_log":1,"minecraft:lime_bed":1,"minecraft:crafting_table":2,"minecraft:cooked_beef":1,"minecraft:repeater":32,"minecraft:jungle_log":1,"minecraft:leather":3,"minecraft:oak_log":36,"minecraft:dirt":9,"minecraft:bone":2,"minecraft:wheat_seeds":6,"minecraft:beef":5,"minecraft:oak_planks":38,"minecraft:egg":1,"minecraft:furnace":1,"minecraft:book":60,"minecraft:dark_oak_sapling":4,"minecraft:stick":1,"minecraft:note_block":1,"minecraft:redstone":28,"minecraft:dark_oak_log":120,"minecraft:arrow":1,"minecraft:rotten_flesh":3,"minecraft:mutton":3,"minecraft:white_wool":2,"minecraft:cobblestone":9},"minecraft:killed_by":{"minecraft:vindicator":1,"minecraft:zombie":1,"mca:female_villager":1},"minecraft:mined":{"minecraft:dark_oak_leaves":2,"minecraft:dark_oak_log":120,"minecraft:crafting_table":2,"minecraft:note_block":1,"minecraft:grass_block":5,"minecraft:jungle_log":1,"minecraft:redstone_wire":28,"minecraft:lime_bed":1,"minecraft:repeater":32,"minecraft:furnace":1,"minecraft:grass":58,"minecraft:bookshelf":20,"minecraft:oak_log":36,"minecraft:dirt":4,"minecraft:stripped_oak_log":1,"minecraft:stone":9,"minecraft:oak_leaves":5},"minecraft:custom":{"minecraft:interact_with_furnace":5,"minecraft:mob_kills":15,"minecraft:interact_with_crafting_table":5,"minecraft:open_barrel":1,"minecraft:damage_dealt_resisted":146,"minecraft:leave_game":6,"minecraft:time_since_death":15875,"minecraft:climb_one_cm":4320,"minecraft:time_since_rest":15913,"minecraft:sprint_one_cm":120023,"minecraft:damage_taken":1225,"minecraft:walk_one_cm":155652,"minecraft:drop":2,"minecraft:damage_dealt":2549,"minecraft:play_noteblock":1,"minecraft:damage_dealt_absorbed":38,"minecraft:swim_one_cm":18100,"minecraft:fly_one_cm":203944,"minecraft:open_chest":2,"minecraft:crouch_one_cm":573,"minecraft:play_time":86324,"minecraft:deaths":4,"minecraft:sneak_time":86,"minecraft:walk_under_water_one_cm":4322,"minecraft:jump":1376,"minecraft:walk_on_water_one_cm":3829,"minecraft:interact_with_smoker":1,"minecraft:total_world_time":86324,"minecraft:fall_one_cm":39934,"minecraft:horse_one_cm":468},"minecraft:used":{"minecraft:wooden_pickaxe":15,"minecraft:stone":1,"minecraft:rotten_flesh":3,"minecraft:dirt":9,"minecraft:crafting_table":2,"minecraft:oak_log":7,"minecraft:wooden_axe":109,"minecraft:iron_axe":150,"minecraft:wooden_sword":25,"minecraft:furnace":1,"alexsmobs:animal_dictionary":1,"minecraft:cooked_beef":3},"minecraft:crafted":{"minecraft:cooked_beef":4,"minecraft:wooden_sword":1,"minecraft:oak_planks":52,"minecraft:crafting_table":1,"minecraft:wooden_pickaxe":1,"minecraft:furnace":1,"minecraft:air":0,"minecraft:jungle_planks":4,"minecraft:iron_axe":1,"minecraft:stick":8,"minecraft:wooden_axe":1},"minecraft:killed":{"minecraft:sheep":2,"minecraft:skeleton":2,"minecraft:zombie":6,"mca:female_villager":1,"minecraft:cow":4},"minecraft:dropped":{"alexsmobs:animal_dictionary":1,"minecraft:arrow":1},"minecraft:broken":{"minecraft:wooden_axe":1}},"DataVersion":3465}