{"stats":{"minecraft:crafted":{"minecraft:oak_planks":140,"minecraft:chainmail_helmet":1,"minecraft:arrow":48,"minecraft:emerald":36,"minecraft:birch_planks":16,"minecraft:wooden_hoe":1,"minecraft:bow":1,"minecraft:iron_boots":1,"minecraft:stick":52,"minecraft:chest":2,"minecraft:chainmail_leggings":1,"minecraft:wheat":9},"minecraft:killed_by":{"minecraft:skeleton":1,"minecraft:zombie":1},"minecraft:dropped":{"minecraft:birch_planks":16,"minecraft:kelp":1,"minecraft:cobblestone":8,"minecraft:birch_log":1,"minecraft:white_wool":1},"minecraft:picked_up":{"minecraft:stripped_oak_log":3,"minecraft:birch_log":5,"minecraft:magma_block":3,"minecraft:basalt":23,"minecraft:crimson_stem":8,"minecraft:red_mushroom":4,"minecraft:crimson_fungus":1,"minecraft:oak_log":32,"minecraft:dirt":3,"minecraft:raw_copper":11,"minecraft:iron_axe":11,"minecraft:blackstone":13,"minecraft:kelp":2,"minecraft:bow":1,"minecraft:gold_nugget":42,"minecraft:iron_pickaxe":1,"minecraft:bamboo":8,"minecraft:birch_sapling":3,"minecraft:stick":1,"minecraft:quartz":13,"minecraft:porkchop":3,"minecraft:sand":1,"minecraft:arrow":2,"minecraft:rotten_flesh":2,"minecraft:hay_block":1,"minecraft:bread":6,"minecraft:oak_sapling":2,"minecraft:netherrack":50,"minecraft:mutton":1,"minecraft:cobblestone":9,"minecraft:white_wool":1},"minecraft:used":{"minecraft:blackstone":1,"minecraft:chest":2,"minecraft:rotten_flesh":2,"minecraft:netherrack":6,"minecraft:dirt":3,"minecraft:sand":1,"minecraft:mutton":1,"minecraft:iron_hoe":21,"minecraft:wooden_hoe":5,"minecraft:iron_axe":156,"minecraft:bread":6,"minecraft:iron_pickaxe":147,"minecraft:iron_boots":1,"minecraft:bamboo":3,"minecraft:bow":12,"minecraft:porkchop":3},"minecraft:killed":{"minecraft:piglin":1,"minecraft:pig":1,"minecraft:spider":1,"minecraft:sheep":1,"minecraft:skeleton":1,"minecraft:zombie":4},"minecraft:mined":{"minecraft:nether_gold_ore":10,"minecraft:oak_sapling":1,"minecraft:blackstone":13,"minecraft:kelp_plant":1,"minecraft:basalt":24,"minecraft:grass_block":2,"minecraft:crimson_roots":8,"minecraft:cobblestone":1,"minecraft:nether_quartz_ore":13,"minecraft:copper_ore":3,"minecraft:tall_grass":7,"minecraft:red_mushroom":4,"minecraft:crimson_fungus":2,"minecraft:crimson_stem":11,"minecraft:seagrass":2,"minecraft:hay_block":1,"minecraft:weeping_vines_plant":4,"minecraft:tall_seagrass":2,"minecraft:magma_block":4,"minecraft:nether_wart_block":3,"minecraft:birch_log":5,"minecraft:fire":13,"minecraft:grass":30,"minecraft:coal_ore":1,"minecraft:oak_log":33,"minecraft:sand":2,"minecraft:dirt":1,"minecraft:stripped_oak_log":3,"minecraft:bamboo_sapling":1,"minecraft:bamboo":3,"minecraft:stone":8,"minecraft:netherrack":51,"minecraft:oak_leaves":8},"minecraft:custom":{"minecraft:mob_kills":9,"minecraft:traded_with_villager":43,"minecraft:interact_with_crafting_table":3,"minecraft:leave_game":1,"minecraft:time_since_death":2701,"minecraft:sleep_in_bed":2,"minecraft:time_since_rest":2731,"minecraft:sprint_one_cm":168847,"minecraft:damage_taken":2169,"minecraft:walk_one_cm":93353,"minecraft:drop":5,"minecraft:damage_dealt":1423,"minecraft:swim_one_cm":51053,"minecraft:talked_to_villager":27,"minecraft:fly_one_cm":237067,"minecraft:open_chest":45,"minecraft:crouch_one_cm":7457,"minecraft:play_time":57964,"minecraft:deaths":7,"minecraft:sneak_time":3011,"minecraft:walk_under_water_one_cm":3861,"minecraft:jump":1167,"minecraft:walk_on_water_one_cm":4101,"minecraft:total_world_time":57964,"minecraft:fall_one_cm":56679}},"DataVersion":3463}