{"stats":{"minecraft:crafted":{"minecraft:oak_planks":140,"minecraft:chainmail_helmet":1,"minecraft:arrow":48,"minecraft:bow":1,"minecraft:iron_boots":1,"minecraft:emerald":23,"minecraft:wooden_hoe":1,"minecraft:stick":52,"minecraft:chainmail_leggings":1},"minecraft:killed_by":{"minecraft:zombie":1},"minecraft:dropped":{"minecraft:kelp":1},"minecraft:picked_up":{"minecraft:stripped_oak_log":3,"minecraft:stick":1,"minecraft:porkchop":3,"minecraft:sand":1,"minecraft:oak_log":32,"minecraft:dirt":3,"minecraft:iron_axe":11,"minecraft:arrow":2,"minecraft:rotten_flesh":2,"minecraft:kelp":2,"minecraft:bow":1,"minecraft:bamboo":7,"minecraft:oak_sapling":2},"minecraft:used":{"minecraft:wooden_hoe":5,"minecraft:iron_axe":94,"minecraft:iron_boots":1,"minecraft:rotten_flesh":2,"minecraft:bamboo":3,"minecraft:dirt":3,"minecraft:porkchop":3},"minecraft:killed":{"minecraft:skeleton":1,"minecraft:zombie":3,"minecraft:pig":1,"minecraft:spider":1},"minecraft:mined":{"minecraft:seagrass":2,"minecraft:tall_seagrass":2,"minecraft:oak_sapling":1,"minecraft:kelp_plant":1,"minecraft:grass":12,"minecraft:grass_block":2,"minecraft:oak_log":33,"minecraft:sand":1,"minecraft:dirt":1,"minecraft:stripped_oak_log":3,"minecraft:tall_grass":1,"minecraft:bamboo_sapling":1,"minecraft:bamboo":3,"minecraft:oak_leaves":8},"minecraft:custom":{"minecraft:time_since_rest":12191,"minecraft:sprint_one_cm":66593,"minecraft:damage_taken":400,"minecraft:walk_one_cm":38084,"minecraft:mob_kills":6,"minecraft:drop":1,"minecraft:damage_dealt":949,"minecraft:traded_with_villager":30,"minecraft:interact_with_crafting_table":2,"minecraft:swim_one_cm":51053,"minecraft:talked_to_villager":24,"minecraft:fly_one_cm":80668,"minecraft:open_chest":40,"minecraft:crouch_one_cm":1096,"minecraft:play_time":29760,"minecraft:deaths":1,"minecraft:sneak_time":643,"minecraft:walk_under_water_one_cm":3861,"minecraft:jump":425,"minecraft:walk_on_water_one_cm":3418,"minecraft:time_since_death":15362,"minecraft:sleep_in_bed":2,"minecraft:total_world_time":29760,"minecraft:fall_one_cm":13633}},"DataVersion":3463}