{"stats":{"minecraft:crafted":{"minecraft:oak_planks":140},"minecraft:killed_by":{"minecraft:zombie":1},"minecraft:dropped":{"minecraft:kelp":1},"minecraft:picked_up":{"minecraft:stripped_oak_log":3,"minecraft:stick":1,"minecraft:sand":1,"minecraft:oak_log":32,"minecraft:dirt":3,"minecraft:iron_axe":11,"minecraft:rotten_flesh":2,"minecraft:kelp":2,"minecraft:bamboo":5,"minecraft:oak_sapling":1},"minecraft:used":{"minecraft:iron_axe":75,"minecraft:bamboo":2,"minecraft:dirt":3},"minecraft:killed":{"minecraft:zombie":3,"minecraft:spider":1},"minecraft:mined":{"minecraft:seagrass":2,"minecraft:tall_seagrass":2,"minecraft:oak_sapling":1,"minecraft:kelp_plant":1,"minecraft:grass":3,"minecraft:grass_block":2,"minecraft:oak_log":32,"minecraft:sand":1,"minecraft:dirt":1,"minecraft:stripped_oak_log":3,"minecraft:tall_grass":1,"minecraft:bamboo":3,"minecraft:oak_leaves":1},"minecraft:custom":{"minecraft:time_since_rest":191,"minecraft:sprint_one_cm":29438,"minecraft:damage_taken":340,"minecraft:walk_one_cm":21014,"minecraft:mob_kills":4,"minecraft:drop":1,"minecraft:damage_dealt":835,"minecraft:swim_one_cm":51053,"minecraft:fly_one_cm":32566,"minecraft:open_chest":15,"minecraft:crouch_one_cm":1002,"minecraft:play_time":17760,"minecraft:deaths":1,"minecraft:sneak_time":573,"minecraft:walk_under_water_one_cm":3861,"minecraft:jump":191,"minecraft:walk_on_water_one_cm":3418,"minecraft:time_since_death":3362,"minecraft:sleep_in_bed":2,"minecraft:total_world_time":17760,"minecraft:fall_one_cm":5853}},"DataVersion":3463}