{"stats":{"minecraft:crafted":{"minecraft:oak_planks":140,"minecraft:chainmail_helmet":1,"minecraft:arrow":48,"minecraft:emerald":23,"minecraft:wooden_hoe":1,"minecraft:bow":1,"minecraft:iron_boots":1,"minecraft:stick":52,"minecraft:chainmail_leggings":1,"minecraft:wheat":9},"minecraft:killed_by":{"minecraft:skeleton":1,"minecraft:zombie":1},"minecraft:dropped":{"minecraft:kelp":1},"minecraft:picked_up":{"minecraft:stripped_oak_log":3,"minecraft:magma_block":3,"minecraft:basalt":21,"minecraft:oak_log":32,"minecraft:dirt":3,"minecraft:iron_axe":11,"minecraft:blackstone":1,"minecraft:kelp":2,"minecraft:bow":1,"minecraft:gold_nugget":39,"minecraft:iron_pickaxe":1,"minecraft:bamboo":7,"minecraft:stick":1,"minecraft:quartz":13,"minecraft:porkchop":3,"minecraft:sand":1,"minecraft:arrow":2,"minecraft:rotten_flesh":2,"minecraft:hay_block":1,"minecraft:bread":6,"minecraft:oak_sapling":2,"minecraft:netherrack":44,"minecraft:mutton":1,"minecraft:white_wool":1},"minecraft:used":{"minecraft:blackstone":1,"minecraft:rotten_flesh":2,"minecraft:dirt":3,"minecraft:sand":1,"minecraft:iron_hoe":12,"minecraft:wooden_hoe":5,"minecraft:iron_axe":136,"minecraft:bread":6,"minecraft:iron_pickaxe":93,"minecraft:iron_boots":1,"minecraft:bamboo":3,"minecraft:bow":11,"minecraft:porkchop":3},"minecraft:killed":{"minecraft:piglin":1,"minecraft:pig":1,"minecraft:spider":1,"minecraft:sheep":1,"minecraft:skeleton":1,"minecraft:zombie":4},"minecraft:mined":{"minecraft:nether_gold_ore":9,"minecraft:oak_sapling":1,"minecraft:blackstone":1,"minecraft:kelp_plant":1,"minecraft:basalt":21,"minecraft:grass_block":2,"minecraft:nether_quartz_ore":13,"minecraft:tall_grass":2,"minecraft:seagrass":2,"minecraft:hay_block":1,"minecraft:tall_seagrass":2,"minecraft:magma_block":4,"minecraft:fire":12,"minecraft:grass":18,"minecraft:oak_log":33,"minecraft:sand":2,"minecraft:dirt":1,"minecraft:stripped_oak_log":3,"minecraft:bamboo_sapling":1,"minecraft:bamboo":3,"minecraft:netherrack":44,"minecraft:oak_leaves":8},"minecraft:custom":{"minecraft:mob_kills":9,"minecraft:traded_with_villager":30,"minecraft:interact_with_crafting_table":2,"minecraft:time_since_death":793,"minecraft:sleep_in_bed":2,"minecraft:time_since_rest":828,"minecraft:sprint_one_cm":107546,"minecraft:damage_taken":814,"minecraft:walk_one_cm":70284,"minecraft:drop":1,"minecraft:damage_dealt":1381,"minecraft:swim_one_cm":51053,"minecraft:talked_to_villager":24,"minecraft:fly_one_cm":138528,"minecraft:open_chest":41,"minecraft:crouch_one_cm":4762,"minecraft:play_time":41760,"minecraft:deaths":2,"minecraft:sneak_time":1783,"minecraft:walk_under_water_one_cm":3861,"minecraft:jump":717,"minecraft:walk_on_water_one_cm":3418,"minecraft:total_world_time":41760,"minecraft:fall_one_cm":26275}},"DataVersion":3463}