{"stats":{"minecraft:picked_up":{"minecraft:sand":1},"minecraft:mined":{"minecraft:seagrass":2,"minecraft:tall_grass":1,"minecraft:sand":1},"minecraft:custom":{"minecraft:jump":25,"minecraft:time_since_rest":5760,"minecraft:crouch_one_cm":17,"minecraft:damage_taken":50,"minecraft:sprint_one_cm":5070,"minecraft:play_time":5760,"minecraft:walk_on_water_one_cm":2416,"minecraft:time_since_death":5760,"minecraft:walk_one_cm":1345,"minecraft:sneak_time":192,"minecraft:total_world_time":5760,"minecraft:walk_under_water_one_cm":2336,"minecraft:swim_one_cm":34353,"minecraft:fall_one_cm":418,"minecraft:fly_one_cm":4022}},"DataVersion":3463}