{"stats":{"minecraft:crafted":{"minecraft:oak_planks":872,"minecraft:tripwire_hook":2,"minecraft:furnace":1,"minecraft:stone":1,"minecraft:yellow_bed":1,"minecraft:lever":1,"minecraft:oak_trapdoor":2,"minecraft:iron_axe":3,"minecraft:chest":26,"minecraft:oak_slab":36,"minecraft:emerald":141,"minecraft:crafting_table":2,"minecraft:spruce_planks":84,"minecraft:wooden_pickaxe":1,"minecraft:fletching_table":7,"minecraft:bucket":1,"minecraft:birch_planks":340,"minecraft:stone_axe":2,"minecraft:air":0,"minecraft:white_wool":6,"minecraft:yellow_dye":1,"minecraft:stick":2244,"minecraft:iron_ingot":38,"minecraft:iron_pickaxe":1,"minecraft:oak_stairs":12,"minecraft:iron_shovel":5,"minecraft:white_bed":3,"minecraft:shears":1},"minecraft:killed_by":{"minecraft:player":10,"minecraft:spider":1,"minecraft:skeleton":1,"minecraft:zombie":2},"minecraft:dropped":{"minecraft:birch_planks":48,"minecraft:wheat_seeds":2,"minecraft:lapis_lazuli":51,"minecraft:mossy_cobblestone":11,"minecraft:crafting_table":1,"minecraft:oak_fence":1,"minecraft:cobblestone":1,"minecraft:apple":1,"minecraft:fletching_table":1,"minecraft:torch":4,"minecraft:iron_axe":3,"minecraft:iron_pickaxe":1,"minecraft:iron_shovel":1,"minecraft:string":130,"minecraft:dandelion":1,"minecraft:raw_iron":64,"minecraft:rotten_flesh":1,"minecraft:oak_planks":1,"minecraft:glowstone_dust":3,"minecraft:stone":1,"minecraft:oak_sapling":2,"minecraft:chest":3},"minecraft:picked_up":{"minecraft:crafting_table":2,"minecraft:azure_bluet":1,"minecraft:ladder":3,"minecraft:leather_leggings":1,"minecraft:oak_stairs":153,"minecraft:string":27275,"minecraft:raw_copper":9,"minecraft:iron_axe":5,"minecraft:white_carpet":3,"minecraft:iron_shovel":1,"minecraft:beef":2,"minecraft:red_dye":21,"minecraft:rose_bush":4,"minecraft:poppy":8,"minecraft:iron_pickaxe":2,"minecraft:sugar_cane":4,"minecraft:chest":8,"minecraft:birch_sapling":4,"minecraft:stick":31,"minecraft:raw_iron":70,"minecraft:oak_door":6,"minecraft:oak_fence":11,"minecraft:torch":21,"minecraft:fire_charge":1,"minecraft:lightning_rod":1,"minecraft:cauldron":4,"minecraft:rotten_flesh":8,"minecraft:hay_block":3,"minecraft:white_terracotta":31,"minecraft:music_disc_wait":1,"minecraft:mutton":8,"minecraft:white_wool":4,"minecraft:cobblestone":387,"minecraft:oxeye_daisy":1,"minecraft:stripped_oak_log":17,"minecraft:birch_log":101,"minecraft:cooked_beef":2,"minecraft:andesite":11,"minecraft:black_bed":3,"minecraft:leather":6,"minecraft:golden_leggings":1,"minecraft:potato":9,"minecraft:birch_planks":66,"minecraft:flint":19,"minecraft:tuff":13,"minecraft:oak_log":205,"minecraft:yellow_bed":6,"minecraft:cobblestone_stairs":3,"minecraft:lapis_lazuli":51,"minecraft:map":2,"minecraft:paper":4,"minecraft:dirt":1900,"minecraft:leather_boots":1,"minecraft:bone":4,"minecraft:apple":11,"minecraft:wheat_seeds":18,"minecraft:bell":1,"minecraft:iron_ingot":23,"minecraft:fletching_table":17,"minecraft:glowstone_dust":3,"minecraft:oak_planks":278,"minecraft:oak_slab":32,"minecraft:dandelion":26,"minecraft:gravel":139,"minecraft:stripped_spruce_log":2,"minecraft:blast_furnace":1,"minecraft:grass_block":3,"minecraft:white_bed":5,"minecraft:spruce_log":21,"minecraft:green_carpet":2,"minecraft:mossy_cobblestone":25,"minecraft:iron_hoe":1,"minecraft:yellow_carpet":4,"minecraft:gray_wool":2,"minecraft:golden_apple":1,"minecraft:bread":23,"minecraft:oak_sapling":81,"minecraft:ender_pearl":1},"minecraft:used":{"minecraft:oak_trapdoor":2,"minecraft:iron_shovel":1149,"minecraft:poppy":6,"minecraft:chest":28,"minecraft:bell":1,"minecraft:oak_door":1,"minecraft:torch":8,"minecraft:dirt":439,"minecraft:mutton":7,"minecraft:iron_hoe":1,"minecraft:grass_block":2,"minecraft:iron_axe":677,"minecraft:oak_stairs":28,"minecraft:birch_sapling":3,"minecraft:tripwire_hook":2,"minecraft:beef":2,"minecraft:oak_sapling":52,"minecraft:furnace":1,"minecraft:cooked_beef":2,"minecraft:water_bucket":5,"minecraft:birch_planks":128,"minecraft:oak_planks":23,"minecraft:wooden_pickaxe":54,"minecraft:fletching_table":20,"minecraft:oak_slab":60,"minecraft:crafting_table":2,"minecraft:white_bed":6,"minecraft:black_bed":1,"minecraft:shears":2,"minecraft:spruce_log":2,"minecraft:oak_log":3,"minecraft:lever":1,"minecraft:apple":7,"minecraft:bread":11,"minecraft:string":3,"minecraft:iron_pickaxe":418,"minecraft:gravel":138,"minecraft:stone_axe":193,"minecraft:fire_charge":1,"minecraft:cobblestone":113,"minecraft:bucket":5,"minecraft:birch_log":16,"minecraft:yellow_bed":7,"minecraft:stripped_oak_log":1,"minecraft:dandelion":4},"minecraft:killed":{"minecraft:witch":1,"minecraft:spider":3,"minecraft:skeleton":2,"minecraft:iron_golem":5,"minecraft:sheep":6,"minecraft:zombie":2,"minecraft:villager":1,"minecraft:cow":2},"minecraft:broken":{"minecraft:iron_shovel":4,"minecraft:iron_axe":3,"minecraft:stone_axe":2,"minecraft:iron_pickaxe":1},"minecraft:mined":{"minecraft:oak_sapling":22,"minecraft:white_bed":5,"minecraft:mossy_cobblestone":16,"minecraft:oak_door":2,"minecraft:cobblestone_stairs":3,"minecraft:grass_block":543,"minecraft:yellow_carpet":4,"minecraft:spruce_leaves":7,"minecraft:iron_ore":6,"minecraft:stripped_spruce_log":2,"minecraft:fletching_table":16,"minecraft:bell":1,"minecraft:water_cauldron":4,"minecraft:dirt_path":92,"minecraft:oak_stairs":90,"minecraft:green_carpet":1,"minecraft:stripped_oak_log":13,"minecraft:stone":291,"minecraft:tripwire":1,"minecraft:oak_slab":21,"minecraft:glass_pane":7,"minecraft:dandelion":5,"minecraft:oak_fence":7,"minecraft:crafting_table":1,"minecraft:torch":4,"minecraft:blast_furnace":1,"minecraft:poppy":1,"minecraft:chest":5,"minecraft:copper_ore":1,"minecraft:cobblestone":96,"minecraft:tall_grass":8,"minecraft:oak_planks":194,"minecraft:sugar_cane":1,"minecraft:wall_torch":8,"minecraft:white_terracotta":31,"minecraft:birch_planks":15,"minecraft:birch_log":101,"minecraft:spruce_log":21,"minecraft:white_carpet":4,"minecraft:birch_leaves":23,"minecraft:black_bed":3,"minecraft:yellow_bed":6,"minecraft:grass":99,"minecraft:oak_log":149,"minecraft:gravel":139,"minecraft:dirt":643,"minecraft:oak_leaves":47},"minecraft:custom":{"minecraft:mob_kills":25,"minecraft:interact_with_crafting_table":46,"minecraft:bell_ring":22,"minecraft:leave_game":2,"minecraft:time_since_death":927,"minecraft:climb_one_cm":792,"minecraft:sprint_one_cm":392527,"minecraft:walk_one_cm":788771,"minecraft:drop":29,"minecraft:talked_to_villager":77,"minecraft:play_time":209491,"minecraft:deaths":17,"minecraft:sneak_time":3114,"minecraft:walk_under_water_one_cm":2627,"minecraft:jump":3805,"minecraft:walk_on_water_one_cm":17986,"minecraft:total_world_time":209491,"minecraft:interact_with_furnace":4,"minecraft:traded_with_villager":141,"minecraft:sleep_in_bed":10,"minecraft:time_since_rest":959,"minecraft:damage_taken":5357,"minecraft:damage_dealt":8457,"minecraft:player_kills":2,"minecraft:fly_one_cm":746876,"minecraft:swim_one_cm":27466,"minecraft:open_chest":202,"minecraft:crouch_one_cm":16301,"minecraft:fall_one_cm":104703}},"DataVersion":3463}