{"stats":{"minecraft:crafted":{"minecraft:oak_planks":36,"minecraft:tripwire_hook":2,"minecraft:crafting_table":2,"minecraft:wooden_pickaxe":1,"minecraft:furnace":1,"minecraft:stone":1,"minecraft:lever":1,"minecraft:bucket":1,"minecraft:stone_axe":1,"minecraft:air":0,"minecraft:oak_trapdoor":2,"minecraft:white_wool":6,"minecraft:stick":8,"minecraft:shears":1},"minecraft:dropped":{"minecraft:crafting_table":1},"minecraft:killed_by":{"minecraft:player":1,"minecraft:zombie":1},"minecraft:picked_up":{"minecraft:stripped_oak_log":4,"minecraft:crafting_table":2,"minecraft:cooked_beef":2,"minecraft:leather_leggings":1,"minecraft:leather":6,"minecraft:golden_leggings":1,"minecraft:potato":9,"minecraft:flint":3,"minecraft:oak_log":19,"minecraft:yellow_bed":2,"minecraft:map":2,"minecraft:string":383,"minecraft:dirt":207,"minecraft:paper":4,"minecraft:leather_boots":1,"minecraft:bone":1,"minecraft:white_carpet":3,"minecraft:apple":6,"minecraft:wheat_seeds":7,"minecraft:bell":1,"minecraft:beef":2,"minecraft:iron_ingot":7,"minecraft:poppy":2,"minecraft:sugar_cane":4,"minecraft:chest":4,"minecraft:oak_planks":19,"minecraft:stick":3,"minecraft:oak_door":1,"minecraft:torch":2,"minecraft:gravel":17,"minecraft:fire_charge":1,"minecraft:blast_furnace":1,"minecraft:white_bed":1,"minecraft:cauldron":4,"minecraft:mossy_cobblestone":2,"minecraft:yellow_carpet":4,"minecraft:golden_apple":1,"minecraft:gray_wool":2,"minecraft:bread":5,"minecraft:oak_sapling":1,"minecraft:mutton":7,"minecraft:white_wool":3,"minecraft:cobblestone":42},"minecraft:used":{"minecraft:oak_trapdoor":2,"minecraft:water_bucket":5,"minecraft:chest":2,"minecraft:wooden_pickaxe":54,"minecraft:dirt":61,"minecraft:mutton":7,"minecraft:crafting_table":2,"minecraft:white_bed":1,"minecraft:shears":2,"minecraft:oak_log":3,"minecraft:lever":1,"minecraft:apple":6,"minecraft:bread":1,"minecraft:string":3,"minecraft:stone_axe":87,"minecraft:fire_charge":1,"minecraft:tripwire_hook":2,"minecraft:furnace":1,"minecraft:bucket":5,"minecraft:yellow_bed":2,"minecraft:cooked_beef":2},"minecraft:killed":{"minecraft:spider":1,"minecraft:iron_golem":2,"minecraft:sheep":5,"minecraft:skeleton":1,"minecraft:villager":1,"minecraft:cow":1},"minecraft:broken":{"minecraft:stone_axe":1},"minecraft:mined":{"minecraft:white_bed":1,"minecraft:mossy_cobblestone":2,"minecraft:crafting_table":1,"minecraft:blast_furnace":1,"minecraft:grass_block":77,"minecraft:yellow_carpet":4,"minecraft:chest":4,"minecraft:tall_grass":8,"minecraft:cobblestone":14,"minecraft:sugar_cane":1,"minecraft:white_carpet":4,"minecraft:yellow_bed":2,"minecraft:bell":1,"minecraft:grass":42,"minecraft:oak_log":17,"minecraft:water_cauldron":4,"minecraft:dirt_path":30,"minecraft:gravel":18,"minecraft:dirt":99,"minecraft:stripped_oak_log":4,"minecraft:stone":28,"minecraft:tripwire":1},"minecraft:custom":{"minecraft:interact_with_furnace":2,"minecraft:mob_kills":12,"minecraft:interact_with_crafting_table":12,"minecraft:time_since_death":2652,"minecraft:sleep_in_bed":3,"minecraft:climb_one_cm":792,"minecraft:time_since_rest":2693,"minecraft:sprint_one_cm":132405,"minecraft:damage_taken":1077,"minecraft:walk_one_cm":117839,"minecraft:drop":1,"minecraft:damage_dealt":2932,"minecraft:swim_one_cm":15752,"minecraft:talked_to_villager":5,"minecraft:fly_one_cm":250339,"minecraft:open_chest":12,"minecraft:crouch_one_cm":1795,"minecraft:play_time":47850,"minecraft:deaths":3,"minecraft:sneak_time":362,"minecraft:walk_under_water_one_cm":1696,"minecraft:jump":1213,"minecraft:walk_on_water_one_cm":5526,"minecraft:total_world_time":47850,"minecraft:fall_one_cm":38463}},"DataVersion":3463}