{"stats":{"minecraft:custom":{"minecraft:interact_with_crafting_table":76,"minecraft:bell_ring":33,"minecraft:leave_game":6,"minecraft:time_since_death":3250,"minecraft:sprint_one_cm":904458,"minecraft:damage_blocked_by_shield":23,"minecraft:drop":364,"minecraft:talked_to_villager":351,"minecraft:play_time":467754,"minecraft:deaths":41,"minecraft:jump":9550,"minecraft:walk_on_water_one_cm":24950,"minecraft:interact_with_furnace":8,"minecraft:play_record":1,"minecraft:traded_with_villager":1236,"minecraft:sleep_in_bed":27,"minecraft:damage_dealt":23063,"minecraft:player_kills":7,"minecraft:crouch_one_cm":35549,"minecraft:mob_kills":78,"minecraft:climb_one_cm":7092,"minecraft:walk_one_cm":1407732,"minecraft:raid_win":1,"minecraft:strider_one_cm":319252,"minecraft:sneak_time":7727,"minecraft:walk_under_water_one_cm":4087,"minecraft:interact_with_blast_furnace":4,"minecraft:total_world_time":467754,"minecraft:interact_with_grindstone":1,"minecraft:time_since_rest":3282,"minecraft:damage_taken":13690,"minecraft:swim_one_cm":62405,"minecraft:fly_one_cm":1873958,"minecraft:open_chest":547,"minecraft:fall_one_cm":302212},"minecraft:killed_by":{"minecraft:pillager":1,"minecraft:zombie":6,"minecraft:player":15,"minecraft:spider":2,"minecraft:hoglin":1,"minecraft:skeleton":1},"minecraft:broken":{"minecraft:iron_shovel":4,"minecraft:golden_boots":1,"minecraft:stone_axe":2,"minecraft:iron_hoe":3,"minecraft:iron_axe":6,"minecraft:iron_pickaxe":2},"minecraft:used":{"minecraft:iron_shovel":1193,"minecraft:poppy":6,"minecraft:chest":39,"minecraft:shield":1,"minecraft:bell":2,"minecraft:mutton":7,"minecraft:nether_bricks":1,"minecraft:grass_block":2,"minecraft:birch_sapling":3,"minecraft:music_disc_wait":1,"minecraft:furnace":1,"minecraft:oak_sapling":129,"minecraft:potato":9,"minecraft:warped_fungus_on_a_stick":311,"minecraft:oak_planks":42,"minecraft:wooden_pickaxe":54,"minecraft:diamond_axe":127,"minecraft:blast_furnace":4,"minecraft:black_bed":1,"minecraft:shears":2,"minecraft:lever":1,"minecraft:bread":52,"minecraft:string":3,"minecraft:gravel":144,"minecraft:nether_wart_block":4,"minecraft:fire_charge":1,"minecraft:grindstone":1,"minecraft:birch_log":16,"minecraft:oak_trapdoor":2,"minecraft:netherrack":22,"minecraft:oak_door":1,"minecraft:torch":49,"minecraft:dirt":625,"minecraft:iron_hoe":784,"minecraft:iron_axe":1615,"minecraft:oak_stairs":29,"minecraft:bamboo":207,"minecraft:tripwire_hook":2,"minecraft:beef":2,"minecraft:cooked_beef":2,"minecraft:water_bucket":5,"minecraft:birch_planks":131,"minecraft:cauldron":2,"minecraft:fletching_table":20,"minecraft:oak_slab":63,"minecraft:crafting_table":4,"minecraft:white_bed":7,"minecraft:spruce_log":2,"minecraft:oak_log":11,"minecraft:apple":11,"minecraft:iron_pickaxe":935,"minecraft:stone_axe":193,"minecraft:cobblestone":113,"minecraft:porkchop":29,"minecraft:bucket":5,"minecraft:yellow_bed":7,"minecraft:stripped_oak_log":1,"minecraft:dandelion":4},"minecraft:mined":{"minecraft:white_bed":5,"minecraft:oak_sapling":29,"minecraft:cobblestone_stairs":8,"minecraft:jungle_leaves":4,"minecraft:grass_block":557,"minecraft:yellow_carpet":4,"minecraft:smooth_stone":1,"minecraft:weeping_vines_plant":1,"minecraft:iron_ore":6,"minecraft:fletching_table":19,"minecraft:water_cauldron":4,"minecraft:dirt_path":100,"minecraft:oak_stairs":204,"minecraft:green_carpet":1,"minecraft:tripwire":11,"minecraft:crimson_nylium":7,"minecraft:torch":22,"minecraft:blast_furnace":4,"minecraft:poppy":1,"minecraft:chest":14,"minecraft:nether_quartz_ore":119,"minecraft:cobblestone":203,"minecraft:sugar_cane":1,"minecraft:oak_planks":243,"minecraft:wall_torch":20,"minecraft:cauldron":1,"minecraft:white_terracotta":31,"minecraft:nether_wart_block":8,"minecraft:birch_log":108,"minecraft:jukebox":2,"minecraft:warped_fungus":2,"minecraft:black_bed":3,"minecraft:grass":145,"minecraft:oak_log":347,"minecraft:dirt":666,"minecraft:tripwire_hook":2,"minecraft:netherrack":170,"minecraft:oak_leaves":949,"minecraft:nether_gold_ore":76,"minecraft:mossy_cobblestone":28,"minecraft:oak_door":4,"minecraft:nether_bricks":1,"minecraft:crimson_roots":8,"minecraft:weeping_vines":1,"minecraft:spruce_leaves":7,"minecraft:crimson_stem":20,"minecraft:oak_trapdoor":2,"minecraft:stripped_spruce_log":2,"minecraft:bell":1,"minecraft:stripped_oak_log":13,"minecraft:bamboo_sapling":1,"minecraft:bamboo":238,"minecraft:stone":291,"minecraft:oak_slab":31,"minecraft:glass_pane":13,"minecraft:basalt":3,"minecraft:dandelion":5,"minecraft:oak_fence":7,"minecraft:crafting_table":3,"minecraft:tall_grass":13,"minecraft:copper_ore":1,"minecraft:birch_planks":16,"minecraft:cobblestone_wall":2,"minecraft:white_carpet":4,"minecraft:spruce_log":21,"minecraft:birch_leaves":25,"minecraft:yellow_bed":6,"minecraft:gravel":140},"minecraft:crafted":{"minecraft:grindstone":1,"minecraft:oak_planks":1620,"minecraft:chainmail_helmet":24,"minecraft:leather_horse_armor":12,"minecraft:birch_slab":6,"minecraft:stone":4,"minecraft:lever":1,"minecraft:iron_boots":12,"minecraft:diamond_helmet":2,"minecraft:bow":2,"minecraft:diamond_leggings":2,"minecraft:chest":28,"minecraft:golden_boots":2,"minecraft:oak_slab":36,"minecraft:emerald":979,"minecraft:diamond_axe":3,"minecraft:crafting_table":3,"minecraft:spruce_planks":84,"minecraft:wooden_pickaxe":1,"minecraft:fletching_table":7,"minecraft:birch_planks":368,"minecraft:yellow_dye":1,"minecraft:shield":7,"minecraft:leather_chestplate":12,"minecraft:stick":4209,"minecraft:stone_slab":6,"minecraft:iron_pickaxe":8,"minecraft:iron_ingot":44,"minecraft:gold_ingot":26,"minecraft:shears":1,"minecraft:saddle":12,"minecraft:fishing_rod":2,"minecraft:tripwire_hook":2,"minecraft:leather_leggings":24,"minecraft:leather_boots":24,"minecraft:furnace":2,"minecraft:blast_furnace":1,"minecraft:yellow_bed":1,"minecraft:oak_trapdoor":2,"minecraft:iron_axe":116,"minecraft:iron_hoe":4,"minecraft:diamond_boots":2,"minecraft:chainmail_leggings":12,"minecraft:wheat":54,"minecraft:crimson_planks":40,"minecraft:bell":1,"minecraft:bucket":1,"minecraft:stone_axe":2,"minecraft:bread":21,"minecraft:air":0,"minecraft:white_wool":6,"minecraft:warped_fungus_on_a_stick":2,"minecraft:oak_stairs":12,"minecraft:iron_shovel":5,"minecraft:white_bed":3,"minecraft:diamond_chestplate":1},"minecraft:dropped":{"minecraft:birch_planks":50,"minecraft:lapis_lazuli":51,"minecraft:crafting_table":2,"minecraft:crossbow":1,"minecraft:warped_fungus_on_a_stick":1,"minecraft:fletching_table":1,"minecraft:saddle":1,"minecraft:birch_slab":5,"minecraft:dirt":258,"minecraft:crimson_roots":5,"minecraft:gold_nugget":14,"minecraft:iron_pickaxe":4,"minecraft:gold_ingot":24,"minecraft:bone":1,"minecraft:oak_door":1,"minecraft:stone_axe":1,"minecraft:blackstone":1,"minecraft:cobbled_deepslate":64,"minecraft:rotten_flesh":5,"minecraft:oak_planks":3,"minecraft:glowstone_dust":3,"minecraft:poppy":2,"minecraft:leather_chestplate":12,"minecraft:leather_boots":25,"minecraft:chest":3,"minecraft:leather_leggings":24,"minecraft:netherrack":2,"minecraft:bread":6,"minecraft:wheat_seeds":19,"minecraft:mossy_cobblestone":17,"minecraft:diamond_leggings":1,"minecraft:oak_fence":1,"minecraft:iron_helmet":1,"minecraft:cobblestone":1,"minecraft:apple":4,"minecraft:chainmail_helmet":50,"minecraft:stick":21,"minecraft:oxeye_daisy":1,"minecraft:torch":4,"minecraft:wooden_hoe":1,"minecraft:nether_wart_block":1,"minecraft:diamond_helmet":1,"minecraft:oak_stairs":31,"minecraft:iron_axe":85,"minecraft:music_disc_wait":2,"minecraft:paper":4,"minecraft:chainmail_leggings":36,"minecraft:iron_shovel":1,"minecraft:string":220,"minecraft:bucket":1,"minecraft:dandelion":1,"minecraft:oak_trapdoor":2,"minecraft:cobblestone_wall":2,"minecraft:jukebox":2,"minecraft:raw_iron":68,"minecraft:iron_boots":14,"minecraft:stone_slab":5,"minecraft:white_terracotta":31,"minecraft:potato":8,"minecraft:stone":1,"minecraft:shield":3,"minecraft:iron_chestplate":1,"minecraft:oak_sapling":2,"minecraft:bamboo":1,"minecraft:diamond_boots":1,"minecraft:magma_block":8},"minecraft:killed":{"minecraft:witch":1,"minecraft:spider":6,"minecraft:skeleton":9,"minecraft:piglin":4,"minecraft:iron_golem":6,"minecraft:strider":1,"minecraft:creeper":1,"minecraft:sheep":6,"minecraft:trader_llama":2,"minecraft:pillager":8,"minecraft:zombie":13,"minecraft:ghast":2,"minecraft:cow":2,"minecraft:vindicator":5,"minecraft:hoglin":6,"minecraft:villager":1},"minecraft:picked_up":{"minecraft:iron_chestplate":1,"minecraft:chainmail_boots":1,"minecraft:stone_slab":5,"minecraft:lead":2,"minecraft:oak_stairs":425,"minecraft:potion":1,"minecraft:nether_brick":11,"minecraft:string":50916,"minecraft:raw_copper":18,"minecraft:cobbled_deepslate":64,"minecraft:gold_nugget":344,"minecraft:smooth_stone":2,"minecraft:bucket":2,"minecraft:red_dye":21,"minecraft:rose_bush":8,"minecraft:iron_pickaxe":2,"minecraft:iron_boots":2,"minecraft:stick":109,"minecraft:jukebox":3,"minecraft:oak_fence":21,"minecraft:torch":63,"minecraft:porkchop":29,"minecraft:lightning_rod":2,"minecraft:cauldron":9,"minecraft:rotten_flesh":40,"minecraft:blue_dye":2,"minecraft:white_terracotta":93,"minecraft:music_disc_wait":7,"minecraft:obsidian":2,"minecraft:cobblestone":557,"minecraft:birch_log":108,"minecraft:magma_block":8,"minecraft:cooked_beef":2,"minecraft:birch_slab":5,"minecraft:andesite":11,"minecraft:black_bed":3,"minecraft:golden_leggings":2,"minecraft:potato":17,"minecraft:flint":24,"minecraft:tuff":13,"minecraft:map":4,"minecraft:lapis_lazuli":51,"minecraft:dirt":3060,"minecraft:leather_boots":3,"minecraft:bone":18,"minecraft:wheat_seeds":54,"minecraft:raw_gold":15,"minecraft:bell":1,"minecraft:glowstone_dust":3,"minecraft:fletching_table":20,"minecraft:bamboo":853,"minecraft:oak_planks":334,"minecraft:ghast_tear":2,"minecraft:stripped_spruce_log":2,"minecraft:grass_block":3,"minecraft:spectral_arrow":22,"minecraft:mossy_cobblestone":49,"minecraft:iron_hoe":1,"minecraft:sugar":2,"minecraft:yellow_carpet":8,"minecraft:lever":2,"minecraft:crossbow":1,"minecraft:golden_apple":2,"minecraft:emerald":16,"minecraft:chainmail_helmet":26,"minecraft:bread":31,"minecraft:oak_sapling":239,"minecraft:netherrack":167,"minecraft:crimson_roots":12,"minecraft:crafting_table":6,"minecraft:azure_bluet":1,"minecraft:splash_potion":1,"minecraft:ladder":3,"minecraft:leather_leggings":2,"minecraft:oak_trapdoor":6,"minecraft:iron_axe":61,"minecraft:white_carpet":6,"minecraft:iron_shovel":1,"minecraft:blackstone":33,"minecraft:beef":2,"minecraft:poppy":14,"minecraft:sugar_cane":8,"minecraft:chest":23,"minecraft:birch_sapling":5,"minecraft:raw_iron":74,"minecraft:oak_door":12,"minecraft:fire_charge":2,"minecraft:arrow":10,"minecraft:weeping_vines":1,"minecraft:nether_bricks":1,"minecraft:shears":1,"minecraft:hay_block":6,"minecraft:saddle":1,"minecraft:gold_ingot":18,"minecraft:mutton":9,"minecraft:white_wool":6,"minecraft:oxeye_daisy":3,"minecraft:stripped_oak_log":17,"minecraft:basalt":2,"minecraft:tripwire_hook":4,"minecraft:crimson_stem":20,"minecraft:leather":24,"minecraft:birch_planks":73,"minecraft:oak_log":403,"minecraft:gunpowder":3,"minecraft:nether_wart_block":7,"minecraft:yellow_bed":6,"minecraft:cobblestone_wall":2,"minecraft:cobblestone_stairs":8,"minecraft:wooden_hoe":1,"minecraft:paper":12,"minecraft:white_banner":1,"minecraft:apple":24,"minecraft:iron_ingot":27,"minecraft:oak_slab":52,"minecraft:warped_fungus":2,"minecraft:quartz":114,"minecraft:dandelion":46,"minecraft:gravel":166,"minecraft:blast_furnace":5,"minecraft:white_bed":5,"minecraft:spruce_log":21,"minecraft:green_carpet":2,"minecraft:spider_eye":2,"minecraft:stone_axe":1,"minecraft:chainmail_leggings":24,"minecraft:iron_helmet":1,"minecraft:gray_wool":4,"minecraft:ender_pearl":1}},"DataVersion":3463}