{"stats":{"minecraft:picked_up":{"minecraft:stripped_oak_log":4,"minecraft:crafting_table":4,"minecraft:leather_chestplate":1,"minecraft:azure_bluet":2,"minecraft:acacia_leaves":1,"minecraft:smoker":1,"minecraft:oak_log":103,"alexsmobs:gazelle_horn":1,"minecraft:dirt":34,"minecraft:iron_leggings":1,"minecraft:cooked_mutton":4,"minecraft:armor_stand":1,"minecraft:cyan_carpet":1,"minecraft:apple":1,"minecraft:wheat_seeds":3,"comforts:sleeping_bag_white":2,"minecraft:spruce_planks":1,"minecraft:player_head":1,"minecraft:sugar_cane":4,"minecraft:birch_sapling":2,"minecraft:egg":1,"minecraft:book":75,"minecraft:stick":2,"minecraft:spruce_stairs":1,"minecraft:blast_furnace":3,"minecraft:diorite":5,"minecraft:cyan_bed":1,"minecraft:lily_of_the_valley":38,"minecraft:dark_oak_log":12,"minecraft:stone_pressure_plate":1,"minecraft:dark_oak_planks":1,"alexsmobs:kangaroo_hide":2,"minecraft:arrow":3,"alexsmobs:emu_egg":1,"minecraft:gray_wool":1,"minecraft:spruce_sign":4,"minecraft:oak_sapling":5,"minecraft:damaged_anvil":1,"minecraft:mutton":30,"minecraft:coal":68,"alexsmobs:kangaroo_meat":1,"minecraft:white_wool":17,"minecraft:cobblestone":26,"minecraft:oxeye_daisy":3},"minecraft:killed":{"alexsmobs:tasmanian_devil":2,"minecraft:sheep":18,"minecraft:skeleton":1,"alexsmobs:gazelle":2,"alexsmobs:kangaroo":1},"minecraft:dropped":{"minecraft:spruce_sign":4,"minecraft:wheat_seeds":3,"alexsmobs:gazelle_horn":1,"alexsmobs:animal_dictionary":1,"minecraft:cobblestone":9,"minecraft:cooked_mutton":1,"minecraft:azure_bluet":1,"minecraft:spruce_stairs":1,"minecraft:stick":2,"alexsmobs:kangaroo_hide":2,"minecraft:oxeye_daisy":3,"minecraft:leather_chestplate":1,"minecraft:dirt":1,"minecraft:gray_wool":1,"minecraft:cake":1,"minecraft:oak_sapling":5,"minecraft:iron_leggings":1,"minecraft:stone_pressure_plate":1,"minecraft:light_gray_dye":1,"minecraft:arrow":3,"minecraft:cyan_carpet":1,"minecraft:armor_stand":1},"minecraft:used":{"alexsmobs:emu_egg":1,"minecraft:cooked_mutton":8,"minecraft:diorite":5,"minecraft:stone_pickaxe":25,"minecraft:wooden_pickaxe":59,"minecraft:dirt":33,"minecraft:mutton":11,"minecraft:crafting_table":4,"minecraft:carrot":5,"minecraft:acacia_leaves":1,"minecraft:smoker":1,"minecraft:birch_sapling":2,"minecraft:stone_axe":209,"minecraft:egg":1,"comforts:sleeping_bag_white":2},"minecraft:crafted":{"minecraft:oak_planks":24,"minecraft:crafting_table":1,"comforts:sleeping_bag_white":1,"minecraft:wooden_pickaxe":1,"minecraft:furnace":1,"minecraft:stone_axe":2,"minecraft:cooked_mutton":5,"minecraft:air":0,"minecraft:stick":8,"minecraft:stone_pickaxe":1,"minecraft:light_gray_dye":1,"minecraft:smoker":1},"minecraft:killed_by":{"alexsmobs:crocodile":2,"minecraft:skeleton":1,"alexsmobs:elephant":4},"minecraft:mined":{"minecraft:lily_of_the_valley":39,"minecraft:smoker":1,"minecraft:dark_oak_log":12,"minecraft:crafting_table":4,"minecraft:blast_furnace":3,"minecraft:grass_block":7,"minecraft:cyan_bed":4,"minecraft:sugar_cane":2,"minecraft:damaged_anvil":1,"minecraft:oxeye_daisy":3,"minecraft:diorite":5,"minecraft:spawner":1,"minecraft:spruce_stairs":1,"minecraft:birch_leaves":66,"minecraft:azure_bluet":2,"minecraft:grass":63,"minecraft:bookshelf":25,"minecraft:oak_log":103,"minecraft:coal_ore":35,"minecraft:cyan_carpet":1,"minecraft:dirt":7,"minecraft:stripped_oak_log":4,"minecraft:stone":26,"minecraft:oak_leaves":11,"minecraft:spruce_slab":1,"minecraft:player_head":1},"minecraft:broken":{"minecraft:stone_axe":1,"minecraft:wooden_pickaxe":1},"minecraft:custom":{"minecraft:interact_with_furnace":1,"minecraft:mob_kills":24,"minecraft:interact_with_crafting_table":11,"minecraft:open_barrel":6,"minecraft:eat_cake_slice":4,"minecraft:leave_game":5,"minecraft:time_since_death":18111,"minecraft:sleep_in_bed":2,"minecraft:climb_one_cm":2224,"minecraft:time_since_rest":18140,"minecraft:sprint_one_cm":213765,"minecraft:damage_taken":2540,"minecraft:walk_one_cm":262437,"minecraft:drop":24,"minecraft:damage_dealt":3160,"minecraft:swim_one_cm":13503,"minecraft:fly_one_cm":439052,"minecraft:play_time":74320,"minecraft:open_chest":5,"minecraft:crouch_one_cm":1036,"minecraft:deaths":7,"minecraft:sneak_time":262,"minecraft:walk_under_water_one_cm":12721,"minecraft:jump":1976,"minecraft:interact_with_blast_furnace":1,"minecraft:fall_one_cm":58808,"minecraft:walk_on_water_one_cm":7148,"minecraft:total_world_time":74320,"minecraft:interact_with_smoker":4}},"DataVersion":3465}