{"stats":{"minecraft:crafted":{"minecraft:grindstone":1,"minecraft:oak_planks":1372,"minecraft:chainmail_helmet":24,"minecraft:tripwire_hook":2,"minecraft:birch_slab":6,"minecraft:furnace":2,"minecraft:blast_furnace":1,"minecraft:stone":4,"minecraft:yellow_bed":1,"minecraft:lever":1,"minecraft:oak_trapdoor":2,"minecraft:diamond_helmet":1,"minecraft:diamond_leggings":1,"minecraft:iron_boots":12,"minecraft:iron_axe":40,"minecraft:chest":26,"minecraft:diamond_boots":1,"minecraft:chainmail_leggings":12,"minecraft:oak_slab":36,"minecraft:emerald":306,"minecraft:crafting_table":2,"minecraft:spruce_planks":84,"minecraft:wooden_pickaxe":1,"minecraft:fletching_table":7,"minecraft:bucket":1,"minecraft:birch_planks":368,"minecraft:stone_axe":2,"minecraft:air":0,"minecraft:white_wool":6,"minecraft:yellow_dye":1,"minecraft:stick":3304,"minecraft:stone_slab":6,"minecraft:iron_ingot":44,"minecraft:iron_pickaxe":1,"minecraft:oak_stairs":12,"minecraft:iron_shovel":5,"minecraft:gold_ingot":8,"minecraft:white_bed":3,"minecraft:shears":1,"minecraft:diamond_chestplate":1},"minecraft:killed_by":{"minecraft:player":13,"minecraft:spider":1,"minecraft:skeleton":1,"minecraft:zombie":6},"minecraft:dropped":{"minecraft:birch_planks":50,"minecraft:wheat_seeds":18,"minecraft:lapis_lazuli":51,"minecraft:mossy_cobblestone":11,"minecraft:crafting_table":2,"minecraft:iron_helmet":1,"minecraft:oak_fence":1,"minecraft:cobblestone":1,"minecraft:apple":4,"minecraft:fletching_table":1,"minecraft:chainmail_helmet":50,"minecraft:birch_slab":5,"minecraft:oxeye_daisy":1,"minecraft:dirt":258,"minecraft:torch":4,"minecraft:oak_stairs":1,"minecraft:gold_nugget":14,"minecraft:iron_axe":71,"minecraft:music_disc_wait":2,"minecraft:iron_pickaxe":1,"minecraft:iron_shovel":1,"minecraft:chainmail_leggings":35,"minecraft:paper":4,"minecraft:string":131,"minecraft:bucket":1,"minecraft:dandelion":1,"minecraft:bone":1,"minecraft:cobbled_deepslate":64,"minecraft:jukebox":2,"minecraft:raw_iron":68,"minecraft:rotten_flesh":5,"minecraft:iron_boots":14,"minecraft:oak_planks":1,"minecraft:glowstone_dust":3,"minecraft:stone_slab":5,"minecraft:white_terracotta":31,"minecraft:poppy":2,"minecraft:potato":8,"minecraft:stone":1,"minecraft:leather_boots":1,"minecraft:oak_sapling":2,"minecraft:chest":3},"minecraft:picked_up":{"minecraft:crafting_table":4,"minecraft:azure_bluet":1,"minecraft:ladder":3,"minecraft:leather_leggings":1,"minecraft:stone_slab":5,"minecraft:lead":2,"minecraft:oak_stairs":339,"minecraft:string":35052,"minecraft:oak_trapdoor":2,"minecraft:raw_copper":18,"minecraft:iron_axe":39,"minecraft:white_carpet":6,"minecraft:iron_shovel":1,"minecraft:smooth_stone":2,"minecraft:gold_nugget":14,"minecraft:cobbled_deepslate":64,"minecraft:bucket":2,"minecraft:beef":2,"minecraft:red_dye":21,"minecraft:rose_bush":4,"minecraft:poppy":12,"minecraft:iron_pickaxe":2,"minecraft:sugar_cane":4,"minecraft:chest":13,"minecraft:birch_sapling":5,"minecraft:iron_boots":2,"minecraft:stick":47,"minecraft:raw_iron":74,"minecraft:oak_door":11,"minecraft:jukebox":3,"minecraft:oak_fence":21,"minecraft:torch":35,"minecraft:fire_charge":1,"minecraft:lightning_rod":2,"minecraft:cauldron":8,"minecraft:arrow":8,"minecraft:rotten_flesh":27,"minecraft:hay_block":6,"minecraft:blue_dye":2,"minecraft:gold_ingot":8,"minecraft:white_terracotta":93,"minecraft:music_disc_wait":7,"minecraft:mutton":9,"minecraft:white_wool":4,"minecraft:cobblestone":495,"minecraft:oxeye_daisy":3,"minecraft:stripped_oak_log":17,"minecraft:birch_log":108,"minecraft:cooked_beef":2,"minecraft:tripwire_hook":4,"minecraft:birch_slab":5,"minecraft:andesite":11,"minecraft:black_bed":3,"minecraft:leather":14,"minecraft:golden_leggings":1,"minecraft:potato":9,"minecraft:birch_planks":73,"minecraft:flint":19,"minecraft:tuff":13,"minecraft:oak_log":334,"minecraft:yellow_bed":6,"minecraft:cobblestone_stairs":7,"minecraft:map":4,"minecraft:lapis_lazuli":51,"minecraft:dirt":2980,"minecraft:paper":12,"minecraft:leather_boots":3,"minecraft:bone":17,"minecraft:apple":19,"minecraft:raw_gold":1,"minecraft:wheat_seeds":51,"minecraft:bell":1,"minecraft:iron_ingot":23,"minecraft:fletching_table":19,"minecraft:glowstone_dust":3,"minecraft:oak_planks":278,"minecraft:oak_slab":40,"minecraft:dandelion":46,"minecraft:gravel":140,"minecraft:stripped_spruce_log":2,"minecraft:blast_furnace":4,"minecraft:white_bed":5,"minecraft:grass_block":3,"minecraft:spruce_log":21,"minecraft:green_carpet":2,"minecraft:mossy_cobblestone":43,"minecraft:iron_hoe":1,"minecraft:yellow_carpet":8,"minecraft:sugar":2,"minecraft:lever":1,"minecraft:chainmail_leggings":23,"minecraft:iron_helmet":1,"minecraft:golden_apple":2,"minecraft:gray_wool":4,"minecraft:chainmail_helmet":26,"minecraft:bread":23,"minecraft:oak_sapling":140,"minecraft:ender_pearl":1},"minecraft:used":{"minecraft:oak_trapdoor":2,"minecraft:iron_shovel":1183,"minecraft:poppy":6,"minecraft:chest":32,"minecraft:bell":1,"minecraft:oak_door":1,"minecraft:torch":16,"minecraft:dirt":521,"minecraft:mutton":7,"minecraft:iron_hoe":1,"minecraft:iron_axe":984,"minecraft:grass_block":2,"minecraft:oak_stairs":29,"minecraft:birch_sapling":3,"minecraft:music_disc_wait":1,"minecraft:tripwire_hook":2,"minecraft:beef":2,"minecraft:oak_sapling":84,"minecraft:furnace":1,"minecraft:potato":1,"minecraft:cooked_beef":2,"minecraft:water_bucket":5,"minecraft:birch_planks":131,"minecraft:oak_planks":24,"minecraft:wooden_pickaxe":54,"minecraft:fletching_table":20,"minecraft:oak_slab":60,"minecraft:blast_furnace":4,"minecraft:crafting_table":2,"minecraft:white_bed":6,"minecraft:black_bed":1,"minecraft:shears":2,"minecraft:spruce_log":2,"minecraft:oak_log":6,"minecraft:lever":1,"minecraft:apple":9,"minecraft:bread":11,"minecraft:string":3,"minecraft:iron_pickaxe":477,"minecraft:gravel":138,"minecraft:stone_axe":193,"minecraft:fire_charge":1,"minecraft:cobblestone":113,"minecraft:grindstone":1,"minecraft:bucket":5,"minecraft:birch_log":16,"minecraft:yellow_bed":7,"minecraft:stripped_oak_log":1,"minecraft:dandelion":4},"minecraft:killed":{"minecraft:witch":1,"minecraft:spider":3,"minecraft:skeleton":6,"minecraft:iron_golem":5,"minecraft:creeper":1,"minecraft:sheep":6,"minecraft:trader_llama":2,"minecraft:zombie":5,"minecraft:villager":1,"minecraft:cow":2},"minecraft:broken":{"minecraft:iron_shovel":4,"minecraft:iron_axe":4,"minecraft:stone_axe":2,"minecraft:iron_pickaxe":1},"minecraft:mined":{"minecraft:white_bed":5,"minecraft:oak_sapling":26,"minecraft:mossy_cobblestone":22,"minecraft:oak_door":4,"minecraft:cobblestone_stairs":7,"minecraft:grass_block":552,"minecraft:yellow_carpet":4,"minecraft:spruce_leaves":7,"minecraft:smooth_stone":1,"minecraft:oak_trapdoor":2,"minecraft:iron_ore":6,"minecraft:stripped_spruce_log":2,"minecraft:fletching_table":18,"minecraft:bell":1,"minecraft:dirt_path":100,"minecraft:water_cauldron":4,"minecraft:oak_stairs":151,"minecraft:green_carpet":1,"minecraft:stripped_oak_log":13,"minecraft:stone":291,"minecraft:tripwire":2,"minecraft:oak_slab":21,"minecraft:glass_pane":10,"minecraft:dandelion":5,"minecraft:oak_fence":7,"minecraft:crafting_table":1,"minecraft:torch":10,"minecraft:blast_furnace":4,"minecraft:poppy":1,"minecraft:chest":5,"minecraft:copper_ore":1,"minecraft:tall_grass":8,"minecraft:cobblestone":141,"minecraft:oak_planks":194,"minecraft:sugar_cane":1,"minecraft:wall_torch":10,"minecraft:white_terracotta":31,"minecraft:birch_planks":16,"minecraft:birch_log":108,"minecraft:spruce_log":21,"minecraft:white_carpet":4,"minecraft:jukebox":2,"minecraft:birch_leaves":23,"minecraft:black_bed":3,"minecraft:yellow_bed":6,"minecraft:grass":102,"minecraft:oak_log":278,"minecraft:gravel":139,"minecraft:dirt":662,"minecraft:tripwire_hook":2,"minecraft:oak_leaves":70},"minecraft:custom":{"minecraft:mob_kills":37,"minecraft:interact_with_crafting_table":54,"minecraft:bell_ring":22,"minecraft:leave_game":3,"minecraft:time_since_death":31266,"minecraft:climb_one_cm":792,"minecraft:sprint_one_cm":484349,"minecraft:walk_one_cm":905790,"minecraft:drop":230,"minecraft:talked_to_villager":140,"minecraft:play_time":269246,"minecraft:sneak_time":3682,"minecraft:deaths":25,"minecraft:walk_under_water_one_cm":3591,"minecraft:jump":4712,"minecraft:interact_with_blast_furnace":4,"minecraft:walk_on_water_one_cm":21880,"minecraft:total_world_time":269246,"minecraft:interact_with_furnace":8,"minecraft:play_record":1,"minecraft:traded_with_villager":394,"minecraft:interact_with_grindstone":1,"minecraft:sleep_in_bed":15,"minecraft:time_since_rest":8465,"minecraft:damage_taken":7544,"minecraft:damage_dealt":12138,"minecraft:player_kills":5,"minecraft:swim_one_cm":45953,"minecraft:fly_one_cm":936969,"minecraft:open_chest":336,"minecraft:crouch_one_cm":18730,"minecraft:fall_one_cm":123540}},"DataVersion":3463}