{"stats":{"minecraft:crafted":{"minecraft:oak_planks":80,"minecraft:tripwire_hook":2,"minecraft:furnace":1,"minecraft:stone":1,"minecraft:yellow_bed":1,"minecraft:lever":1,"minecraft:oak_trapdoor":2,"minecraft:iron_axe":2,"minecraft:chest":4,"minecraft:oak_slab":36,"minecraft:crafting_table":2,"minecraft:wooden_pickaxe":1,"minecraft:fletching_table":7,"minecraft:bucket":1,"minecraft:birch_planks":264,"minecraft:stone_axe":2,"minecraft:air":0,"minecraft:white_wool":6,"minecraft:yellow_dye":1,"minecraft:stick":12,"minecraft:iron_pickaxe":1,"minecraft:iron_shovel":3,"minecraft:white_bed":3,"minecraft:shears":1},"minecraft:killed_by":{"minecraft:player":2,"minecraft:spider":1,"minecraft:zombie":2},"minecraft:dropped":{"minecraft:birch_planks":48,"minecraft:wheat_seeds":2,"minecraft:lapis_lazuli":51,"minecraft:mossy_cobblestone":2,"minecraft:crafting_table":1,"minecraft:cobblestone":1,"minecraft:fletching_table":1,"minecraft:iron_axe":1,"minecraft:iron_pickaxe":1,"minecraft:string":128,"minecraft:dandelion":1,"minecraft:raw_iron":64,"minecraft:stone":1,"minecraft:chest":3},"minecraft:picked_up":{"minecraft:crafting_table":2,"minecraft:azure_bluet":1,"minecraft:ladder":3,"minecraft:leather_leggings":1,"minecraft:oak_stairs":16,"minecraft:string":9436,"minecraft:iron_axe":1,"minecraft:white_carpet":3,"minecraft:beef":2,"minecraft:red_dye":21,"minecraft:rose_bush":4,"minecraft:poppy":7,"minecraft:iron_pickaxe":1,"minecraft:sugar_cane":4,"minecraft:chest":7,"minecraft:birch_sapling":2,"minecraft:stick":9,"minecraft:raw_iron":70,"minecraft:oak_door":3,"minecraft:torch":11,"minecraft:fire_charge":1,"minecraft:lightning_rod":1,"minecraft:cauldron":4,"minecraft:rotten_flesh":7,"minecraft:mutton":7,"minecraft:white_wool":3,"minecraft:cobblestone":186,"minecraft:stripped_oak_log":13,"minecraft:birch_log":82,"minecraft:cooked_beef":2,"minecraft:andesite":11,"minecraft:black_bed":3,"minecraft:leather":6,"minecraft:golden_leggings":1,"minecraft:potato":9,"minecraft:birch_planks":54,"minecraft:flint":19,"minecraft:tuff":13,"minecraft:oak_log":96,"minecraft:yellow_bed":6,"minecraft:cobblestone_stairs":2,"minecraft:lapis_lazuli":51,"minecraft:map":2,"minecraft:paper":4,"minecraft:dirt":708,"minecraft:leather_boots":1,"minecraft:bone":3,"minecraft:apple":6,"minecraft:wheat_seeds":13,"minecraft:bell":1,"minecraft:iron_ingot":20,"minecraft:fletching_table":17,"minecraft:oak_planks":107,"minecraft:oak_slab":22,"minecraft:dandelion":8,"minecraft:gravel":139,"minecraft:stripped_spruce_log":2,"minecraft:blast_furnace":1,"minecraft:grass_block":1,"minecraft:white_bed":4,"minecraft:spruce_log":21,"minecraft:green_carpet":2,"minecraft:mossy_cobblestone":4,"minecraft:yellow_carpet":4,"minecraft:gray_wool":2,"minecraft:golden_apple":1,"minecraft:bread":5,"minecraft:oak_sapling":5,"minecraft:ender_pearl":1},"minecraft:used":{"minecraft:oak_trapdoor":2,"minecraft:iron_shovel":541,"minecraft:poppy":6,"minecraft:chest":8,"minecraft:bell":1,"minecraft:torch":3,"minecraft:dirt":74,"minecraft:mutton":7,"minecraft:iron_axe":208,"minecraft:oak_stairs":15,"minecraft:birch_sapling":2,"minecraft:tripwire_hook":2,"minecraft:beef":2,"minecraft:oak_sapling":5,"minecraft:furnace":1,"minecraft:cooked_beef":2,"minecraft:water_bucket":5,"minecraft:birch_planks":112,"minecraft:oak_planks":8,"minecraft:wooden_pickaxe":54,"minecraft:fletching_table":20,"minecraft:oak_slab":50,"minecraft:crafting_table":2,"minecraft:white_bed":6,"minecraft:shears":2,"minecraft:spruce_log":2,"minecraft:oak_log":3,"minecraft:lever":1,"minecraft:apple":6,"minecraft:bread":6,"minecraft:string":3,"minecraft:iron_pickaxe":157,"minecraft:gravel":138,"minecraft:stone_axe":184,"minecraft:fire_charge":1,"minecraft:cobblestone":94,"minecraft:bucket":5,"minecraft:birch_log":16,"minecraft:yellow_bed":7,"minecraft:stripped_oak_log":1,"minecraft:dandelion":4},"minecraft:killed":{"minecraft:spider":3,"minecraft:skeleton":1,"minecraft:iron_golem":5,"minecraft:sheep":5,"minecraft:zombie":1,"minecraft:villager":1,"minecraft:cow":2},"minecraft:broken":{"minecraft:iron_shovel":2,"minecraft:stone_axe":1},"minecraft:mined":{"minecraft:white_bed":4,"minecraft:mossy_cobblestone":4,"minecraft:cobblestone_stairs":2,"minecraft:grass_block":245,"minecraft:yellow_carpet":4,"minecraft:spruce_leaves":7,"minecraft:iron_ore":6,"minecraft:stripped_spruce_log":2,"minecraft:fletching_table":16,"minecraft:bell":1,"minecraft:water_cauldron":4,"minecraft:dirt_path":89,"minecraft:oak_stairs":13,"minecraft:green_carpet":1,"minecraft:stripped_oak_log":13,"minecraft:stone":141,"minecraft:tripwire":1,"minecraft:oak_slab":16,"minecraft:glass_pane":1,"minecraft:dandelion":5,"minecraft:crafting_table":1,"minecraft:torch":4,"minecraft:blast_furnace":1,"minecraft:chest":4,"minecraft:cobblestone":40,"minecraft:tall_grass":8,"minecraft:oak_planks":17,"minecraft:sugar_cane":1,"minecraft:wall_torch":1,"minecraft:birch_planks":6,"minecraft:birch_log":82,"minecraft:spruce_log":21,"minecraft:white_carpet":4,"minecraft:birch_leaves":22,"minecraft:black_bed":3,"minecraft:yellow_bed":6,"minecraft:grass":65,"minecraft:oak_log":39,"minecraft:gravel":139,"minecraft:dirt":338,"minecraft:oak_leaves":1},"minecraft:custom":{"minecraft:mob_kills":20,"minecraft:interact_with_crafting_table":34,"minecraft:bell_ring":22,"minecraft:leave_game":2,"minecraft:time_since_death":30354,"minecraft:climb_one_cm":792,"minecraft:sprint_one_cm":233500,"minecraft:walk_one_cm":486583,"minecraft:drop":16,"minecraft:talked_to_villager":13,"minecraft:play_time":125491,"minecraft:deaths":6,"minecraft:sneak_time":833,"minecraft:walk_under_water_one_cm":1696,"minecraft:jump":2383,"minecraft:walk_on_water_one_cm":10335,"minecraft:total_world_time":125491,"minecraft:interact_with_furnace":3,"minecraft:sleep_in_bed":4,"minecraft:time_since_rest":30381,"minecraft:damage_taken":2240,"minecraft:damage_dealt":6747,"minecraft:fly_one_cm":448865,"minecraft:swim_one_cm":15752,"minecraft:open_chest":74,"minecraft:crouch_one_cm":4122,"minecraft:fall_one_cm":63994}},"DataVersion":3463}