{"stats":{"minecraft:crafted":{"minecraft:oak_slab":36,"minecraft:oak_planks":80,"minecraft:tripwire_hook":2,"minecraft:crafting_table":2,"minecraft:wooden_pickaxe":1,"minecraft:furnace":1,"minecraft:stone":1,"minecraft:yellow_bed":1,"minecraft:fletching_table":7,"minecraft:bucket":1,"minecraft:lever":1,"minecraft:birch_planks":188,"minecraft:stone_axe":2,"minecraft:air":0,"minecraft:oak_trapdoor":2,"minecraft:white_wool":6,"minecraft:yellow_dye":1,"minecraft:iron_axe":1,"minecraft:stick":8,"minecraft:iron_pickaxe":1,"minecraft:iron_shovel":2,"minecraft:white_bed":3,"minecraft:shears":1},"minecraft:killed_by":{"minecraft:player":1,"minecraft:zombie":2},"minecraft:dropped":{"minecraft:wheat_seeds":2,"minecraft:mossy_cobblestone":2,"minecraft:crafting_table":1,"minecraft:cobblestone":1,"minecraft:fletching_table":1,"minecraft:stone":1,"minecraft:dandelion":1},"minecraft:picked_up":{"minecraft:stripped_oak_log":4,"minecraft:birch_log":51,"minecraft:crafting_table":2,"minecraft:azure_bluet":1,"minecraft:cooked_beef":2,"minecraft:leather_leggings":1,"minecraft:leather":6,"minecraft:golden_leggings":1,"minecraft:oak_stairs":2,"minecraft:potato":9,"minecraft:birch_planks":1,"minecraft:flint":19,"minecraft:oak_log":30,"minecraft:yellow_bed":2,"minecraft:map":2,"minecraft:string":5626,"minecraft:dirt":481,"minecraft:paper":4,"minecraft:leather_boots":1,"minecraft:white_carpet":3,"minecraft:bone":1,"minecraft:apple":6,"minecraft:wheat_seeds":13,"minecraft:bell":1,"minecraft:iron_ingot":16,"minecraft:beef":2,"minecraft:poppy":7,"minecraft:fletching_table":4,"minecraft:sugar_cane":4,"minecraft:chest":4,"minecraft:oak_planks":19,"minecraft:raw_iron":6,"minecraft:oak_slab":6,"minecraft:stick":7,"minecraft:oak_door":1,"minecraft:torch":4,"minecraft:dandelion":8,"minecraft:gravel":139,"minecraft:fire_charge":1,"minecraft:stripped_spruce_log":2,"minecraft:blast_furnace":1,"minecraft:white_bed":1,"minecraft:spruce_log":21,"minecraft:cauldron":4,"minecraft:mossy_cobblestone":2,"minecraft:rotten_flesh":4,"minecraft:yellow_carpet":4,"minecraft:golden_apple":1,"minecraft:gray_wool":2,"minecraft:bread":5,"minecraft:oak_sapling":1,"minecraft:mutton":7,"minecraft:white_wool":3,"minecraft:cobblestone":94},"minecraft:used":{"minecraft:oak_trapdoor":2,"minecraft:water_bucket":5,"minecraft:iron_shovel":361,"minecraft:birch_planks":27,"minecraft:poppy":6,"minecraft:chest":4,"minecraft:wooden_pickaxe":54,"minecraft:fletching_table":10,"minecraft:dirt":74,"minecraft:mutton":7,"minecraft:oak_slab":18,"minecraft:crafting_table":2,"minecraft:white_bed":3,"minecraft:shears":2,"minecraft:spruce_log":2,"minecraft:oak_log":3,"minecraft:lever":1,"minecraft:apple":6,"minecraft:oak_stairs":2,"minecraft:iron_axe":130,"minecraft:bread":1,"minecraft:string":3,"minecraft:iron_pickaxe":57,"minecraft:gravel":138,"minecraft:fire_charge":1,"minecraft:stone_axe":115,"minecraft:tripwire_hook":2,"minecraft:cobblestone":27,"minecraft:beef":2,"minecraft:furnace":1,"minecraft:birch_log":4,"minecraft:bucket":5,"minecraft:yellow_bed":3,"minecraft:cooked_beef":2,"minecraft:dandelion":4},"minecraft:killed":{"minecraft:spider":3,"minecraft:iron_golem":4,"minecraft:sheep":5,"minecraft:skeleton":1,"minecraft:zombie":1,"minecraft:villager":1,"minecraft:cow":2},"minecraft:broken":{"minecraft:iron_shovel":1,"minecraft:stone_axe":1},"minecraft:mined":{"minecraft:oak_slab":6,"minecraft:white_bed":1,"minecraft:mossy_cobblestone":2,"minecraft:dandelion":5,"minecraft:torch":2,"minecraft:crafting_table":1,"minecraft:blast_furnace":1,"minecraft:yellow_carpet":4,"minecraft:grass_block":192,"minecraft:chest":4,"minecraft:tall_grass":8,"minecraft:cobblestone":18,"minecraft:spruce_leaves":7,"minecraft:sugar_cane":1,"minecraft:birch_planks":1,"minecraft:iron_ore":6,"minecraft:birch_log":51,"minecraft:white_carpet":4,"minecraft:spruce_log":21,"minecraft:birch_leaves":1,"minecraft:stripped_spruce_log":2,"minecraft:fletching_table":3,"minecraft:yellow_bed":2,"minecraft:bell":1,"minecraft:grass":59,"minecraft:oak_log":27,"minecraft:dirt_path":66,"minecraft:water_cauldron":4,"minecraft:gravel":139,"minecraft:dirt":203,"minecraft:stripped_oak_log":4,"minecraft:stone":75,"minecraft:oak_leaves":1,"minecraft:tripwire":1},"minecraft:custom":{"minecraft:interact_with_furnace":3,"minecraft:mob_kills":18,"minecraft:interact_with_crafting_table":27,"minecraft:leave_game":2,"minecraft:time_since_death":14774,"minecraft:sleep_in_bed":4,"minecraft:climb_one_cm":792,"minecraft:time_since_rest":10700,"minecraft:sprint_one_cm":181690,"minecraft:damage_taken":1345,"minecraft:walk_one_cm":280026,"minecraft:drop":7,"minecraft:damage_dealt":5583,"minecraft:swim_one_cm":15752,"minecraft:talked_to_villager":11,"minecraft:fly_one_cm":334910,"minecraft:open_chest":37,"minecraft:crouch_one_cm":2875,"minecraft:play_time":83491,"minecraft:sneak_time":562,"minecraft:deaths":4,"minecraft:walk_under_water_one_cm":1696,"minecraft:jump":1733,"minecraft:walk_on_water_one_cm":8361,"minecraft:total_world_time":83491,"minecraft:fall_one_cm":47121}},"DataVersion":3463}