{"stats":{"minecraft:crafted":{"minecraft:oak_planks":80,"minecraft:tripwire_hook":2,"minecraft:crafting_table":2,"minecraft:wooden_pickaxe":1,"minecraft:furnace":1,"minecraft:stone":1,"minecraft:fletching_table":7,"minecraft:yellow_bed":1,"minecraft:lever":1,"minecraft:bucket":1,"minecraft:stone_axe":2,"minecraft:air":0,"minecraft:oak_trapdoor":2,"minecraft:white_wool":6,"minecraft:yellow_dye":1,"minecraft:iron_axe":1,"minecraft:stick":8,"minecraft:iron_shovel":1,"minecraft:white_bed":3,"minecraft:shears":1},"minecraft:killed_by":{"minecraft:player":1,"minecraft:zombie":1},"minecraft:dropped":{"minecraft:wheat_seeds":2,"minecraft:mossy_cobblestone":2,"minecraft:crafting_table":1,"minecraft:fletching_table":1,"minecraft:stone":1,"minecraft:dandelion":1},"minecraft:picked_up":{"minecraft:stripped_oak_log":4,"minecraft:crafting_table":2,"minecraft:cooked_beef":2,"minecraft:leather_leggings":1,"minecraft:leather":6,"minecraft:golden_leggings":1,"minecraft:potato":9,"minecraft:flint":19,"minecraft:oak_log":29,"minecraft:yellow_bed":2,"minecraft:map":2,"minecraft:string":4534,"minecraft:dirt":342,"minecraft:paper":4,"minecraft:leather_boots":1,"minecraft:bone":1,"minecraft:white_carpet":3,"minecraft:apple":6,"minecraft:wheat_seeds":13,"minecraft:bell":1,"minecraft:beef":2,"minecraft:iron_ingot":12,"minecraft:poppy":5,"minecraft:fletching_table":4,"minecraft:sugar_cane":4,"minecraft:chest":4,"minecraft:oak_planks":19,"minecraft:stick":3,"minecraft:oak_door":1,"minecraft:torch":4,"minecraft:dandelion":6,"minecraft:gravel":139,"minecraft:fire_charge":1,"minecraft:blast_furnace":1,"minecraft:white_bed":1,"minecraft:cauldron":4,"minecraft:mossy_cobblestone":2,"minecraft:yellow_carpet":4,"minecraft:golden_apple":1,"minecraft:gray_wool":2,"minecraft:bread":5,"minecraft:oak_sapling":1,"minecraft:mutton":7,"minecraft:white_wool":3,"minecraft:cobblestone":42},"minecraft:used":{"minecraft:oak_trapdoor":2,"minecraft:water_bucket":5,"minecraft:iron_shovel":256,"minecraft:poppy":1,"minecraft:chest":4,"minecraft:wooden_pickaxe":54,"minecraft:fletching_table":10,"minecraft:dirt":67,"minecraft:mutton":7,"minecraft:crafting_table":2,"minecraft:white_bed":3,"minecraft:shears":2,"minecraft:oak_log":3,"minecraft:lever":1,"minecraft:apple":6,"minecraft:iron_axe":12,"minecraft:bread":1,"minecraft:string":3,"minecraft:gravel":138,"minecraft:stone_axe":106,"minecraft:fire_charge":1,"minecraft:tripwire_hook":2,"minecraft:beef":2,"minecraft:furnace":1,"minecraft:bucket":5,"minecraft:yellow_bed":3,"minecraft:cooked_beef":2,"minecraft:dandelion":4},"minecraft:killed":{"minecraft:spider":1,"minecraft:iron_golem":3,"minecraft:sheep":5,"minecraft:skeleton":1,"minecraft:villager":1,"minecraft:cow":2},"minecraft:broken":{"minecraft:iron_shovel":1,"minecraft:stone_axe":1},"minecraft:mined":{"minecraft:white_bed":1,"minecraft:mossy_cobblestone":2,"minecraft:dandelion":5,"minecraft:torch":2,"minecraft:crafting_table":1,"minecraft:blast_furnace":1,"minecraft:grass_block":157,"minecraft:yellow_carpet":4,"minecraft:chest":4,"minecraft:tall_grass":8,"minecraft:cobblestone":14,"minecraft:sugar_cane":1,"minecraft:white_carpet":4,"minecraft:fletching_table":3,"minecraft:yellow_bed":2,"minecraft:bell":1,"minecraft:grass":57,"minecraft:oak_log":27,"minecraft:water_cauldron":4,"minecraft:dirt_path":61,"minecraft:gravel":139,"minecraft:dirt":125,"minecraft:stripped_oak_log":4,"minecraft:stone":28,"minecraft:oak_leaves":1,"minecraft:tripwire":1},"minecraft:custom":{"minecraft:interact_with_furnace":2,"minecraft:mob_kills":14,"minecraft:interact_with_crafting_table":21,"minecraft:leave_game":1,"minecraft:time_since_death":19780,"minecraft:sleep_in_bed":3,"minecraft:climb_one_cm":792,"minecraft:time_since_rest":19821,"minecraft:sprint_one_cm":158236,"minecraft:damage_taken":1190,"minecraft:walk_one_cm":200024,"minecraft:drop":6,"minecraft:damage_dealt":4040,"minecraft:swim_one_cm":15752,"minecraft:talked_to_villager":6,"minecraft:fly_one_cm":299602,"minecraft:open_chest":34,"minecraft:crouch_one_cm":1795,"minecraft:play_time":64978,"minecraft:deaths":3,"minecraft:sneak_time":362,"minecraft:walk_under_water_one_cm":1696,"minecraft:jump":1482,"minecraft:walk_on_water_one_cm":7848,"minecraft:total_world_time":64978,"minecraft:fall_one_cm":42868}},"DataVersion":3463}