{"stats":{"minecraft:crafted":{"minecraft:oak_planks":80,"minecraft:tripwire_hook":2,"minecraft:furnace":1,"minecraft:stone":1,"minecraft:yellow_bed":1,"minecraft:lever":1,"minecraft:oak_trapdoor":2,"minecraft:iron_axe":1,"minecraft:chest":4,"minecraft:oak_slab":36,"minecraft:crafting_table":2,"minecraft:wooden_pickaxe":1,"minecraft:fletching_table":7,"minecraft:bucket":1,"minecraft:birch_planks":188,"minecraft:stone_axe":2,"minecraft:air":0,"minecraft:white_wool":6,"minecraft:yellow_dye":1,"minecraft:stick":8,"minecraft:iron_pickaxe":1,"minecraft:iron_shovel":2,"minecraft:white_bed":3,"minecraft:shears":1},"minecraft:killed_by":{"minecraft:player":2,"minecraft:spider":1,"minecraft:zombie":2},"minecraft:dropped":{"minecraft:birch_planks":48,"minecraft:wheat_seeds":2,"minecraft:mossy_cobblestone":2,"minecraft:crafting_table":1,"minecraft:cobblestone":1,"minecraft:fletching_table":1,"minecraft:iron_axe":1,"minecraft:string":128,"minecraft:dandelion":1,"minecraft:stone":1,"minecraft:chest":3},"minecraft:picked_up":{"minecraft:crafting_table":2,"minecraft:azure_bluet":1,"minecraft:ladder":3,"minecraft:leather_leggings":1,"minecraft:oak_stairs":11,"minecraft:string":9030,"minecraft:iron_axe":1,"minecraft:white_carpet":3,"minecraft:beef":2,"minecraft:poppy":7,"minecraft:sugar_cane":4,"minecraft:chest":7,"minecraft:birch_sapling":2,"minecraft:stick":9,"minecraft:raw_iron":70,"minecraft:oak_door":1,"minecraft:torch":4,"minecraft:fire_charge":1,"minecraft:cauldron":4,"minecraft:rotten_flesh":4,"minecraft:mutton":7,"minecraft:white_wool":3,"minecraft:cobblestone":99,"minecraft:stripped_oak_log":4,"minecraft:birch_log":68,"minecraft:cooked_beef":2,"minecraft:leather":6,"minecraft:golden_leggings":1,"minecraft:potato":9,"minecraft:birch_planks":49,"minecraft:flint":19,"minecraft:tuff":13,"minecraft:oak_log":96,"minecraft:yellow_bed":2,"minecraft:map":2,"minecraft:paper":4,"minecraft:dirt":511,"minecraft:leather_boots":1,"minecraft:bone":1,"minecraft:apple":6,"minecraft:wheat_seeds":13,"minecraft:bell":1,"minecraft:iron_ingot":16,"minecraft:fletching_table":4,"minecraft:oak_planks":103,"minecraft:oak_slab":6,"minecraft:dandelion":8,"minecraft:gravel":139,"minecraft:stripped_spruce_log":2,"minecraft:blast_furnace":1,"minecraft:grass_block":1,"minecraft:white_bed":1,"minecraft:spruce_log":21,"minecraft:green_carpet":2,"minecraft:mossy_cobblestone":2,"minecraft:yellow_carpet":4,"minecraft:gray_wool":2,"minecraft:golden_apple":1,"minecraft:bread":5,"minecraft:oak_sapling":5,"minecraft:ender_pearl":1},"minecraft:used":{"minecraft:oak_trapdoor":2,"minecraft:iron_shovel":390,"minecraft:poppy":6,"minecraft:chest":8,"minecraft:dirt":74,"minecraft:mutton":7,"minecraft:iron_axe":186,"minecraft:oak_stairs":4,"minecraft:birch_sapling":2,"minecraft:tripwire_hook":2,"minecraft:beef":2,"minecraft:oak_sapling":1,"minecraft:furnace":1,"minecraft:cooked_beef":2,"minecraft:water_bucket":5,"minecraft:birch_planks":36,"minecraft:wooden_pickaxe":54,"minecraft:fletching_table":10,"minecraft:oak_slab":22,"minecraft:crafting_table":2,"minecraft:white_bed":3,"minecraft:shears":2,"minecraft:spruce_log":2,"minecraft:oak_log":3,"minecraft:lever":1,"minecraft:apple":6,"minecraft:bread":1,"minecraft:string":3,"minecraft:iron_pickaxe":64,"minecraft:gravel":138,"minecraft:stone_axe":124,"minecraft:fire_charge":1,"minecraft:cobblestone":39,"minecraft:bucket":5,"minecraft:birch_log":8,"minecraft:yellow_bed":3,"minecraft:dandelion":4},"minecraft:killed":{"minecraft:spider":3,"minecraft:skeleton":1,"minecraft:iron_golem":4,"minecraft:sheep":5,"minecraft:zombie":1,"minecraft:villager":1,"minecraft:cow":2},"minecraft:broken":{"minecraft:iron_shovel":1,"minecraft:stone_axe":1},"minecraft:mined":{"minecraft:white_bed":1,"minecraft:mossy_cobblestone":2,"minecraft:grass_block":198,"minecraft:yellow_carpet":4,"minecraft:spruce_leaves":7,"minecraft:iron_ore":6,"minecraft:stripped_spruce_log":2,"minecraft:fletching_table":3,"minecraft:bell":1,"minecraft:water_cauldron":4,"minecraft:dirt_path":70,"minecraft:oak_stairs":9,"minecraft:green_carpet":1,"minecraft:stripped_oak_log":4,"minecraft:stone":77,"minecraft:tripwire":1,"minecraft:oak_slab":6,"minecraft:glass_pane":1,"minecraft:dandelion":5,"minecraft:crafting_table":1,"minecraft:torch":2,"minecraft:blast_furnace":1,"minecraft:chest":4,"minecraft:cobblestone":21,"minecraft:tall_grass":8,"minecraft:oak_planks":14,"minecraft:sugar_cane":1,"minecraft:birch_planks":2,"minecraft:birch_log":68,"minecraft:spruce_log":21,"minecraft:white_carpet":4,"minecraft:birch_leaves":22,"minecraft:yellow_bed":2,"minecraft:grass":61,"minecraft:oak_log":39,"minecraft:gravel":139,"minecraft:dirt":223,"minecraft:oak_leaves":1},"minecraft:custom":{"minecraft:mob_kills":19,"minecraft:interact_with_crafting_table":32,"minecraft:leave_game":2,"minecraft:time_since_death":354,"minecraft:climb_one_cm":792,"minecraft:sprint_one_cm":199470,"minecraft:walk_one_cm":327991,"minecraft:drop":13,"minecraft:talked_to_villager":11,"minecraft:play_time":95491,"minecraft:deaths":6,"minecraft:sneak_time":586,"minecraft:walk_under_water_one_cm":1696,"minecraft:jump":1950,"minecraft:walk_on_water_one_cm":10134,"minecraft:total_world_time":95491,"minecraft:interact_with_furnace":3,"minecraft:sleep_in_bed":4,"minecraft:time_since_rest":381,"minecraft:damage_taken":1860,"minecraft:damage_dealt":5746,"minecraft:fly_one_cm":364623,"minecraft:swim_one_cm":15752,"minecraft:open_chest":62,"minecraft:crouch_one_cm":2956,"minecraft:fall_one_cm":49747}},"DataVersion":3463}