{"stats":{"minecraft:broken":{"minecraft:iron_shovel":4,"minecraft:iron_axe":5,"minecraft:stone_axe":2,"minecraft:iron_pickaxe":2,"minecraft:iron_hoe":3},"minecraft:custom":{"minecraft:mob_kills":59,"minecraft:interact_with_crafting_table":70,"minecraft:bell_ring":26,"minecraft:leave_game":5,"minecraft:time_since_death":11890,"minecraft:climb_one_cm":6533,"minecraft:sprint_one_cm":691775,"minecraft:walk_one_cm":1235543,"minecraft:drop":281,"minecraft:talked_to_villager":235,"minecraft:play_time":376959,"minecraft:sneak_time":6222,"minecraft:deaths":32,"minecraft:walk_under_water_one_cm":4087,"minecraft:jump":7197,"minecraft:interact_with_blast_furnace":4,"minecraft:walk_on_water_one_cm":24062,"minecraft:total_world_time":376959,"minecraft:interact_with_furnace":8,"minecraft:play_record":1,"minecraft:traded_with_villager":788,"minecraft:interact_with_grindstone":1,"minecraft:sleep_in_bed":20,"minecraft:time_since_rest":11919,"minecraft:damage_taken":10124,"minecraft:damage_dealt":17491,"minecraft:player_kills":5,"minecraft:swim_one_cm":62405,"minecraft:fly_one_cm":1393059,"minecraft:open_chest":470,"minecraft:crouch_one_cm":29772,"minecraft:fall_one_cm":216507},"minecraft:mined":{"minecraft:nether_gold_ore":65,"minecraft:white_bed":5,"minecraft:oak_sapling":29,"minecraft:mossy_cobblestone":28,"minecraft:oak_door":4,"minecraft:cobblestone_stairs":8,"minecraft:jungle_leaves":4,"minecraft:grass_block":557,"minecraft:yellow_carpet":4,"minecraft:crimson_roots":1,"minecraft:spruce_leaves":7,"minecraft:crimson_stem":4,"minecraft:smooth_stone":1,"minecraft:oak_trapdoor":2,"minecraft:iron_ore":6,"minecraft:stripped_spruce_log":2,"minecraft:fletching_table":18,"minecraft:bell":1,"minecraft:dirt_path":100,"minecraft:water_cauldron":4,"minecraft:oak_stairs":184,"minecraft:green_carpet":1,"minecraft:stripped_oak_log":13,"minecraft:bamboo_sapling":1,"minecraft:bamboo":238,"minecraft:stone":291,"minecraft:tripwire":2,"minecraft:oak_slab":30,"minecraft:glass_pane":13,"minecraft:crimson_nylium":3,"minecraft:basalt":2,"minecraft:dandelion":5,"minecraft:oak_fence":7,"minecraft:crafting_table":3,"minecraft:torch":22,"minecraft:blast_furnace":4,"minecraft:poppy":1,"minecraft:chest":7,"minecraft:nether_quartz_ore":106,"minecraft:copper_ore":1,"minecraft:tall_grass":13,"minecraft:cobblestone":203,"minecraft:oak_planks":220,"minecraft:sugar_cane":1,"minecraft:wall_torch":20,"minecraft:white_terracotta":31,"minecraft:birch_planks":16,"minecraft:cobblestone_wall":2,"minecraft:nether_wart_block":2,"minecraft:birch_log":108,"minecraft:spruce_log":21,"minecraft:birch_leaves":23,"minecraft:white_carpet":4,"minecraft:jukebox":2,"minecraft:black_bed":3,"minecraft:yellow_bed":6,"minecraft:grass":134,"minecraft:oak_log":347,"minecraft:gravel":139,"minecraft:dirt":666,"minecraft:tripwire_hook":2,"minecraft:netherrack":139,"minecraft:oak_leaves":949},"minecraft:picked_up":{"minecraft:crafting_table":6,"minecraft:azure_bluet":1,"minecraft:splash_potion":1,"minecraft:ladder":3,"minecraft:leather_leggings":2,"minecraft:lead":2,"minecraft:stone_slab":5,"minecraft:oak_stairs":371,"minecraft:potion":1,"minecraft:nether_brick":4,"minecraft:string":40910,"minecraft:oak_trapdoor":6,"minecraft:raw_copper":18,"minecraft:iron_axe":40,"minecraft:white_carpet":6,"minecraft:iron_shovel":1,"minecraft:blackstone":25,"minecraft:gold_nugget":289,"minecraft:smooth_stone":2,"minecraft:cobbled_deepslate":64,"minecraft:bucket":2,"minecraft:beef":2,"minecraft:red_dye":21,"minecraft:rose_bush":4,"minecraft:poppy":14,"minecraft:iron_pickaxe":2,"minecraft:sugar_cane":8,"minecraft:chest":15,"minecraft:birch_sapling":5,"minecraft:iron_boots":2,"minecraft:raw_iron":74,"minecraft:stick":96,"minecraft:oak_door":12,"minecraft:jukebox":3,"minecraft:oak_fence":21,"minecraft:torch":63,"minecraft:fire_charge":2,"minecraft:lightning_rod":2,"minecraft:cauldron":8,"minecraft:arrow":9,"minecraft:rotten_flesh":37,"minecraft:shears":1,"minecraft:hay_block":6,"minecraft:blue_dye":2,"minecraft:gold_ingot":18,"minecraft:white_terracotta":93,"minecraft:music_disc_wait":7,"minecraft:mutton":9,"minecraft:obsidian":2,"minecraft:white_wool":6,"minecraft:cobblestone":557,"minecraft:oxeye_daisy":3,"minecraft:stripped_oak_log":17,"minecraft:birch_log":108,"minecraft:cooked_beef":2,"minecraft:basalt":2,"minecraft:birch_slab":5,"minecraft:tripwire_hook":4,"minecraft:crimson_stem":4,"minecraft:andesite":11,"minecraft:leather":22,"minecraft:black_bed":3,"minecraft:golden_leggings":2,"minecraft:potato":17,"minecraft:birch_planks":73,"minecraft:flint":24,"minecraft:tuff":13,"minecraft:oak_log":403,"minecraft:yellow_bed":6,"minecraft:nether_wart_block":2,"minecraft:cobblestone_wall":2,"minecraft:cobblestone_stairs":8,"minecraft:map":4,"minecraft:lapis_lazuli":51,"minecraft:dirt":3060,"minecraft:paper":12,"minecraft:white_banner":1,"minecraft:leather_boots":3,"minecraft:bone":17,"minecraft:apple":24,"minecraft:wheat_seeds":53,"minecraft:raw_gold":15,"minecraft:bell":1,"minecraft:iron_ingot":27,"minecraft:fletching_table":19,"minecraft:bamboo":853,"minecraft:glowstone_dust":3,"minecraft:oak_planks":309,"minecraft:oak_slab":50,"minecraft:quartz":101,"minecraft:dandelion":46,"minecraft:gravel":152,"minecraft:stripped_spruce_log":2,"minecraft:blast_furnace":5,"minecraft:spruce_log":21,"minecraft:white_bed":5,"minecraft:grass_block":3,"minecraft:spectral_arrow":22,"minecraft:green_carpet":2,"minecraft:spider_eye":1,"minecraft:mossy_cobblestone":49,"minecraft:iron_hoe":1,"minecraft:sugar":2,"minecraft:yellow_carpet":8,"minecraft:lever":2,"minecraft:chainmail_leggings":23,"minecraft:iron_helmet":1,"minecraft:emerald":1,"minecraft:golden_apple":2,"minecraft:gray_wool":4,"minecraft:chainmail_helmet":26,"minecraft:bread":23,"minecraft:oak_sapling":239,"minecraft:netherrack":132,"minecraft:crimson_roots":1,"minecraft:ender_pearl":1},"minecraft:killed_by":{"minecraft:player":14,"minecraft:spider":1,"minecraft:pillager":1,"minecraft:skeleton":1,"minecraft:zombie":6},"minecraft:used":{"minecraft:oak_trapdoor":2,"minecraft:iron_shovel":1193,"minecraft:poppy":6,"minecraft:chest":35,"minecraft:bell":1,"minecraft:oak_door":1,"minecraft:torch":42,"minecraft:dirt":625,"minecraft:mutton":7,"minecraft:iron_hoe":784,"minecraft:iron_axe":1516,"minecraft:grass_block":2,"minecraft:oak_stairs":29,"minecraft:birch_sapling":3,"minecraft:music_disc_wait":1,"minecraft:bamboo":207,"minecraft:tripwire_hook":2,"minecraft:beef":2,"minecraft:oak_sapling":129,"minecraft:furnace":1,"minecraft:potato":9,"minecraft:cooked_beef":2,"minecraft:water_bucket":5,"minecraft:birch_planks":131,"minecraft:oak_planks":42,"minecraft:wooden_pickaxe":54,"minecraft:fletching_table":20,"minecraft:oak_slab":62,"minecraft:blast_furnace":4,"minecraft:crafting_table":4,"minecraft:white_bed":7,"minecraft:black_bed":1,"minecraft:shears":2,"minecraft:spruce_log":2,"minecraft:oak_log":11,"minecraft:lever":1,"minecraft:apple":11,"minecraft:iron_pickaxe":868,"minecraft:bread":34,"minecraft:gravel":138,"minecraft:string":3,"minecraft:stone_axe":193,"minecraft:fire_charge":1,"minecraft:cobblestone":113,"minecraft:grindstone":1,"minecraft:bucket":5,"minecraft:birch_log":16,"minecraft:yellow_bed":7,"minecraft:stripped_oak_log":1,"minecraft:dandelion":4},"minecraft:killed":{"minecraft:witch":1,"minecraft:vindicator":4,"minecraft:spider":4,"minecraft:skeleton":7,"minecraft:piglin":1,"minecraft:iron_golem":6,"minecraft:creeper":1,"minecraft:sheep":6,"minecraft:trader_llama":2,"minecraft:pillager":6,"minecraft:zombie":13,"minecraft:villager":1,"minecraft:cow":2},"minecraft:crafted":{"minecraft:grindstone":1,"minecraft:oak_planks":1620,"minecraft:chainmail_helmet":24,"minecraft:tripwire_hook":2,"minecraft:birch_slab":6,"minecraft:furnace":2,"minecraft:blast_furnace":1,"minecraft:stone":4,"minecraft:yellow_bed":1,"minecraft:lever":1,"minecraft:oak_trapdoor":2,"minecraft:diamond_helmet":2,"minecraft:diamond_leggings":2,"minecraft:iron_boots":12,"minecraft:iron_axe":100,"minecraft:iron_hoe":4,"minecraft:chest":26,"minecraft:diamond_boots":2,"minecraft:chainmail_leggings":12,"minecraft:wheat":54,"minecraft:golden_boots":1,"minecraft:oak_slab":36,"minecraft:crimson_planks":16,"minecraft:emerald":637,"minecraft:crafting_table":3,"minecraft:spruce_planks":84,"minecraft:wooden_pickaxe":1,"minecraft:fletching_table":7,"minecraft:bucket":1,"minecraft:birch_planks":368,"minecraft:stone_axe":2,"minecraft:bread":21,"minecraft:air":0,"minecraft:shield":7,"minecraft:white_wool":6,"minecraft:yellow_dye":1,"minecraft:stick":4105,"minecraft:stone_slab":6,"minecraft:iron_ingot":44,"minecraft:iron_pickaxe":5,"minecraft:oak_stairs":12,"minecraft:iron_shovel":5,"minecraft:gold_ingot":26,"minecraft:white_bed":3,"minecraft:shears":1,"minecraft:diamond_chestplate":1},"minecraft:dropped":{"minecraft:bread":6,"minecraft:birch_planks":50,"minecraft:wheat_seeds":19,"minecraft:lapis_lazuli":51,"minecraft:mossy_cobblestone":17,"minecraft:crafting_table":2,"minecraft:diamond_leggings":1,"minecraft:oak_fence":1,"minecraft:iron_helmet":1,"minecraft:cobblestone":1,"minecraft:apple":4,"minecraft:fletching_table":1,"minecraft:chainmail_helmet":50,"minecraft:birch_slab":5,"minecraft:oxeye_daisy":1,"minecraft:dirt":258,"minecraft:torch":4,"minecraft:diamond_helmet":1,"minecraft:oak_stairs":1,"minecraft:gold_nugget":14,"minecraft:iron_axe":84,"minecraft:music_disc_wait":2,"minecraft:iron_pickaxe":2,"minecraft:iron_shovel":1,"minecraft:chainmail_leggings":35,"minecraft:paper":4,"minecraft:string":156,"minecraft:bucket":1,"minecraft:dandelion":1,"minecraft:gold_ingot":24,"minecraft:bone":1,"minecraft:oak_door":1,"minecraft:blackstone":1,"minecraft:oak_trapdoor":2,"minecraft:cobblestone_wall":2,"minecraft:cobbled_deepslate":64,"minecraft:jukebox":2,"minecraft:raw_iron":68,"minecraft:rotten_flesh":5,"minecraft:iron_boots":14,"minecraft:oak_planks":1,"minecraft:glowstone_dust":3,"minecraft:stone_slab":5,"minecraft:white_terracotta":31,"minecraft:poppy":2,"minecraft:potato":8,"minecraft:stone":1,"minecraft:shield":3,"minecraft:leather_boots":1,"minecraft:oak_sapling":2,"minecraft:chest":3,"minecraft:bamboo":1,"minecraft:diamond_boots":1}},"DataVersion":3463}