{"stats":{"minecraft:custom":{"minecraft:interact_with_crafting_table":63,"minecraft:bell_ring":229,"minecraft:leave_game":6,"minecraft:time_since_death":6993,"minecraft:sprint_one_cm":802716,"minecraft:damage_blocked_by_shield":90,"minecraft:drop":1735,"minecraft:talked_to_villager":125,"minecraft:play_time":365389,"minecraft:deaths":24,"minecraft:jump":8025,"minecraft:walk_on_water_one_cm":50592,"minecraft:interact_with_furnace":23,"minecraft:play_record":5,"minecraft:traded_with_villager":199,"minecraft:interact_with_cartography_table":1,"minecraft:sleep_in_bed":13,"minecraft:damage_dealt":16903,"minecraft:player_kills":15,"minecraft:crouch_one_cm":54511,"minecraft:mob_kills":55,"minecraft:climb_one_cm":1034,"minecraft:walk_one_cm":761745,"minecraft:raid_win":1,"minecraft:sneak_time":14594,"minecraft:walk_under_water_one_cm":37815,"minecraft:total_world_time":365389,"minecraft:raid_trigger":1,"minecraft:interact_with_grindstone":1,"minecraft:time_since_rest":3032,"minecraft:damage_taken":10953,"minecraft:swim_one_cm":216007,"minecraft:fly_one_cm":1411102,"minecraft:open_chest":129,"minecraft:fall_one_cm":284223},"minecraft:killed_by":{"minecraft:vindicator":1,"minecraft:piglin":1,"minecraft:player":7,"minecraft:iron_golem":1,"minecraft:skeleton":1},"minecraft:broken":{"minecraft:iron_shovel":3,"minecraft:golden_boots":1,"minecraft:wooden_axe":1,"minecraft:iron_axe":1,"minecraft:iron_pickaxe":4},"minecraft:used":{"minecraft:iron_shovel":934,"minecraft:chest":6,"minecraft:shield":1,"minecraft:bell":1,"minecraft:iron_chestplate":1,"minecraft:weeping_vines":1,"minecraft:lava_bucket":11,"minecraft:birch_sapling":2,"minecraft:iron_helmet":1,"minecraft:music_disc_wait":5,"minecraft:bow":18,"minecraft:furnace":2,"minecraft:oak_sapling":17,"minecraft:potato":5,"minecraft:oak_planks":37,"minecraft:blackstone":4,"minecraft:wooden_pickaxe":22,"minecraft:diamond_axe":203,"minecraft:crossbow":11,"minecraft:black_bed":7,"minecraft:lightning_rod":2,"minecraft:bread":100,"minecraft:string":13,"minecraft:gravel":21,"minecraft:bone_meal":6,"minecraft:oak_fence":3,"minecraft:rose_bush":12,"minecraft:flint_and_steel":24,"minecraft:cooked_chicken":1,"minecraft:netherrack":109,"minecraft:torch":24,"minecraft:dirt":166,"minecraft:iron_hoe":24,"minecraft:wooden_axe":47,"minecraft:iron_axe":500,"minecraft:oak_stairs":28,"minecraft:iron_boots":1,"minecraft:basalt":1,"minecraft:cooked_beef":3,"minecraft:iron_leggings":1,"minecraft:water_bucket":32,"minecraft:cartography_table":2,"minecraft:fletching_table":3,"minecraft:oak_slab":1,"minecraft:crafting_table":9,"minecraft:white_bed":10,"minecraft:oak_log":1,"minecraft:wooden_hoe":30,"minecraft:iron_pickaxe":1342,"minecraft:cobblestone":436,"minecraft:porkchop":3,"minecraft:cooked_porkchop":5,"minecraft:bucket":43,"minecraft:yellow_bed":4,"minecraft:jukebox":3},"minecraft:mined":{"minecraft:white_bed":9,"minecraft:oak_sapling":4,"minecraft:cobblestone_stairs":6,"minecraft:granite":6,"minecraft:grass_block":273,"minecraft:oxeye_daisy":1,"minecraft:smooth_stone":8,"minecraft:weeping_vines_plant":1,"minecraft:magma_block":8,"minecraft:iron_ore":53,"minecraft:fire":12,"minecraft:deepslate_lapis_ore":11,"minecraft:oak_stairs":123,"minecraft:tripwire":3,"minecraft:blackstone":4,"minecraft:crimson_nylium":3,"minecraft:torch":13,"minecraft:poppy":9,"minecraft:chest":6,"minecraft:nether_quartz_ore":8,"minecraft:cobblestone":261,"minecraft:oak_planks":69,"minecraft:bricks":2,"minecraft:wall_torch":4,"minecraft:nether_wart_block":1,"minecraft:birch_log":5,"minecraft:lilac":3,"minecraft:jukebox":1,"minecraft:warped_fungus":1,"minecraft:black_bed":2,"minecraft:grass":61,"minecraft:oak_log":312,"minecraft:sand":7,"minecraft:dirt":662,"minecraft:netherrack":284,"minecraft:oak_leaves":34,"minecraft:deepslate":79,"minecraft:nether_gold_ore":49,"minecraft:tuff":13,"minecraft:mossy_cobblestone":7,"minecraft:deepslate_diamond_ore":4,"minecraft:crimson_roots":2,"minecraft:cartography_table":2,"minecraft:hay_block":58,"minecraft:furnace":1,"minecraft:andesite":23,"minecraft:gold_block":1,"minecraft:bell":1,"minecraft:potatoes":2,"minecraft:deepslate_iron_ore":61,"minecraft:stripped_oak_log":4,"minecraft:bamboo":4,"minecraft:stone":300,"minecraft:oak_slab":5,"minecraft:glass_pane":4,"minecraft:basalt":3,"minecraft:dandelion":18,"minecraft:oak_fence":8,"minecraft:crafting_table":8,"minecraft:cornflower":2,"minecraft:rose_bush":18,"minecraft:tall_grass":10,"minecraft:lightning_rod":2,"minecraft:copper_ore":7,"minecraft:lapis_ore":14,"minecraft:deepslate_gold_ore":24,"minecraft:diorite":16,"minecraft:cobblestone_wall":1,"minecraft:birch_leaves":2,"minecraft:yellow_bed":5,"minecraft:coal_ore":20,"minecraft:gravel":28,"minecraft:gold_ore":6},"minecraft:crafted":{"minecraft:black_dye":3,"minecraft:oak_planks":928,"minecraft:cooked_chicken":1,"minecraft:lightning_rod":1,"minecraft:iron_boots":1,"minecraft:chest":2,"minecraft:golden_boots":2,"minecraft:arrow":64,"minecraft:emerald":156,"minecraft:cooked_porkchop":5,"minecraft:diamond_axe":1,"minecraft:crafting_table":2,"minecraft:wooden_pickaxe":1,"minecraft:iron_helmet":2,"minecraft:copper_ingot":3,"minecraft:iron_chestplate":2,"minecraft:yellow_dye":1,"minecraft:shield":1,"minecraft:stick":1332,"minecraft:iron_ingot":69,"minecraft:iron_pickaxe":6,"minecraft:gold_ingot":28,"minecraft:black_bed":3,"minecraft:jukebox":1,"minecraft:furnace":1,"minecraft:yellow_bed":1,"minecraft:bone_meal":6,"minecraft:flint_and_steel":1,"minecraft:iron_axe":41,"minecraft:iron_hoe":1,"minecraft:wheat":437,"minecraft:cooked_beef":3,"minecraft:red_dye":21,"minecraft:crossbow":1,"minecraft:bucket":1,"minecraft:air":0,"minecraft:bread":156,"minecraft:blue_dye":2,"minecraft:white_wool":16,"minecraft:oak_stairs":8,"minecraft:wooden_axe":1,"minecraft:iron_shovel":4,"minecraft:iron_leggings":1,"minecraft:white_bed":4,"minecraft:diamond_chestplate":1},"minecraft:dropped":{"minecraft:soul_sand":5,"minecraft:birch_planks":1,"minecraft:lapis_lazuli":64,"minecraft:oak_pressure_plate":1,"minecraft:warped_fungus":1,"minecraft:oak_log":73,"minecraft:crafting_table":1,"minecraft:weeping_vines":3,"minecraft:black_bed":1,"minecraft:leather":2,"minecraft:emerald":3,"minecraft:dirt":525,"minecraft:crimson_roots":2,"minecraft:gold_nugget":7,"minecraft:sand":21,"minecraft:iron_pickaxe":6,"minecraft:gold_ingot":39,"minecraft:oak_door":2,"minecraft:gravel":77,"minecraft:stone_axe":2,"minecraft:blackstone":31,"minecraft:cobbled_deepslate":64,"minecraft:nether_brick":7,"minecraft:birch_sapling":6,"minecraft:obsidian":1,"minecraft:oak_planks":99,"minecraft:glowstone_dust":6,"minecraft:white_bed":1,"minecraft:poppy":1,"minecraft:basalt":1,"minecraft:arrow":3,"minecraft:crying_obsidian":4,"minecraft:quartz":4,"minecraft:netherrack":20,"minecraft:iron_ingot":3,"minecraft:bread":83,"minecraft:oak_slab":1,"minecraft:wheat_seeds":15,"minecraft:mossy_cobblestone":7,"minecraft:iron_helmet":1,"minecraft:oak_fence":56,"minecraft:feather":1,"minecraft:cobblestone":4,"minecraft:granite":6,"minecraft:chainmail_helmet":2,"minecraft:grass_block":2,"minecraft:stick":14,"minecraft:oxeye_daisy":4,"minecraft:diorite":7,"minecraft:torch":2,"minecraft:wooden_hoe":1,"minecraft:nether_wart_block":2,"minecraft:rose_bush":4,"minecraft:oak_stairs":126,"minecraft:iron_axe":34,"minecraft:red_dye":21,"minecraft:music_disc_wait":1,"minecraft:chainmail_leggings":7,"minecraft:iron_shovel":2,"minecraft:string":2955,"minecraft:bucket":1,"minecraft:dandelion":37,"minecraft:redstone":1,"minecraft:jukebox":1,"minecraft:tuff":13,"minecraft:raw_iron":194,"minecraft:iron_boots":2,"minecraft:iron_hoe":1,"minecraft:stripped_oak_log":4,"minecraft:lightning_rod":1,"minecraft:hay_block":64,"minecraft:iron_chestplate":1,"minecraft:andesite":11,"minecraft:oak_sapling":23,"minecraft:bow":1,"minecraft:magma_block":8},"minecraft:killed":{"minecraft:witch":1,"minecraft:spider":7,"minecraft:skeleton":8,"minecraft:chicken":1,"minecraft:magma_cube":1,"minecraft:piglin":1,"minecraft:pig":4,"minecraft:iron_golem":2,"minecraft:pillager":5,"minecraft:zombie":11,"minecraft:glow_squid":5,"minecraft:cow":3,"minecraft:ravager":1,"minecraft:enderman":5},"minecraft:picked_up":{"minecraft:iron_chestplate":1,"minecraft:wheat":31,"minecraft:oak_stairs":168,"minecraft:enchanted_book":1,"minecraft:nether_brick":7,"minecraft:string":7634,"minecraft:raw_copper":7,"minecraft:diamond_leggings":1,"minecraft:cobbled_deepslate":64,"minecraft:gold_nugget":197,"minecraft:smooth_stone":8,"minecraft:rose_bush":17,"minecraft:iron_pickaxe":5,"minecraft:furnace":1,"minecraft:iron_boots":2,"minecraft:tipped_arrow":1,"minecraft:stick":29,"minecraft:jukebox":2,"minecraft:oak_fence":59,"minecraft:torch":27,"minecraft:porkchop":8,"minecraft:lightning_rod":2,"minecraft:diorite":7,"minecraft:rotten_flesh":23,"minecraft:music_disc_wait":4,"minecraft:obsidian":2,"minecraft:cobblestone":453,"minecraft:magma_block":8,"minecraft:feather":1,"minecraft:andesite":11,"minecraft:black_bed":3,"minecraft:potato":5,"minecraft:flint":3,"minecraft:tuff":13,"minecraft:lapis_lazuli":234,"minecraft:dirt":689,"minecraft:bone":2,"minecraft:bow":1,"minecraft:wheat_seeds":16,"minecraft:raw_gold":30,"minecraft:bell":1,"minecraft:glowstone_dust":6,"minecraft:bamboo":30,"minecraft:diamond_helmet":1,"minecraft:oak_planks":74,"minecraft:oak_pressure_plate":1,"minecraft:sand":21,"minecraft:ink_sac":3,"minecraft:grass_block":2,"minecraft:spectral_arrow":12,"minecraft:mossy_cobblestone":7,"minecraft:diamond":4,"minecraft:granite":6,"minecraft:emerald":28,"minecraft:bread":65,"minecraft:chainmail_helmet":2,"minecraft:oak_sapling":40,"minecraft:netherrack":251,"minecraft:crimson_roots":3,"minecraft:crafting_table":9,"minecraft:chicken":1,"minecraft:gold_block":1,"minecraft:shield":3,"minecraft:cornflower":2,"minecraft:iron_axe":13,"minecraft:iron_shovel":2,"minecraft:blackstone":35,"minecraft:cartography_table":2,"minecraft:beef":3,"minecraft:poppy":12,"minecraft:chest":4,"minecraft:birch_sapling":8,"minecraft:raw_iron":306,"minecraft:oak_door":2,"minecraft:fire_charge":2,"minecraft:redstone":1,"minecraft:weeping_vines":4,"minecraft:arrow":7,"minecraft:diamond_boots":1,"minecraft:hay_block":119,"minecraft:saddle":1,"minecraft:gold_ingot":19,"minecraft:oxeye_daisy":4,"minecraft:stripped_oak_log":4,"minecraft:basalt":2,"minecraft:glow_ink_sac":5,"minecraft:leather":2,"minecraft:birch_planks":1,"minecraft:oak_log":306,"minecraft:nether_wart_block":2,"minecraft:yellow_bed":5,"minecraft:white_banner":3,"minecraft:apple":5,"minecraft:iron_ingot":10,"minecraft:soul_sand":5,"minecraft:oak_slab":2,"minecraft:warped_fungus":2,"minecraft:quartz":8,"minecraft:dandelion":38,"minecraft:gravel":98,"minecraft:white_bed":10,"minecraft:crying_obsidian":8,"minecraft:stone_axe":2,"minecraft:chainmail_leggings":9,"minecraft:coal":19,"minecraft:ender_pearl":3}},"DataVersion":3463}