{"stats":{"minecraft:crafted":{"minecraft:black_dye":3,"minecraft:oak_planks":600,"minecraft:jukebox":1,"minecraft:cooked_chicken":1,"minecraft:lightning_rod":1,"minecraft:furnace":1,"minecraft:yellow_bed":1,"minecraft:bone_meal":6,"minecraft:flint_and_steel":1,"minecraft:iron_boots":1,"minecraft:iron_axe":4,"minecraft:iron_hoe":1,"minecraft:golden_boots":1,"minecraft:wheat":437,"minecraft:cooked_beef":3,"minecraft:red_dye":21,"minecraft:emerald":65,"minecraft:cooked_porkchop":5,"minecraft:crafting_table":2,"minecraft:wooden_pickaxe":1,"minecraft:iron_helmet":2,"minecraft:copper_ingot":3,"minecraft:bucket":1,"minecraft:air":0,"minecraft:bread":156,"minecraft:blue_dye":2,"minecraft:iron_chestplate":2,"minecraft:white_wool":16,"minecraft:yellow_dye":1,"minecraft:stick":672,"minecraft:iron_ingot":69,"minecraft:wooden_axe":1,"minecraft:iron_pickaxe":6,"minecraft:oak_stairs":8,"minecraft:iron_shovel":4,"minecraft:iron_leggings":1,"minecraft:gold_ingot":19,"minecraft:black_bed":3,"minecraft:white_bed":4},"minecraft:killed_by":{"minecraft:player":5,"minecraft:iron_golem":1,"minecraft:piglin":1,"minecraft:skeleton":1},"minecraft:dropped":{"minecraft:bread":83,"minecraft:iron_ingot":3,"minecraft:soul_sand":5,"minecraft:birch_planks":1,"minecraft:wheat_seeds":15,"minecraft:lapis_lazuli":64,"minecraft:oak_pressure_plate":1,"minecraft:oak_log":73,"minecraft:mossy_cobblestone":7,"minecraft:crafting_table":1,"minecraft:iron_helmet":1,"minecraft:feather":1,"minecraft:oak_fence":56,"minecraft:cobblestone":4,"minecraft:leather":2,"minecraft:granite":6,"minecraft:grass_block":2,"minecraft:chainmail_helmet":2,"minecraft:emerald":3,"minecraft:stick":9,"minecraft:oxeye_daisy":4,"minecraft:dirt":520,"minecraft:diorite":7,"minecraft:torch":2,"minecraft:oak_stairs":66,"minecraft:gold_nugget":7,"minecraft:sand":21,"minecraft:iron_axe":14,"minecraft:red_dye":21,"minecraft:music_disc_wait":1,"minecraft:iron_pickaxe":5,"minecraft:iron_shovel":2,"minecraft:chainmail_leggings":6,"minecraft:string":1061,"minecraft:bucket":1,"minecraft:dandelion":37,"minecraft:gold_ingot":27,"minecraft:redstone":1,"minecraft:oak_door":2,"minecraft:gravel":64,"minecraft:blackstone":23,"minecraft:cobbled_deepslate":64,"minecraft:jukebox":1,"minecraft:tuff":13,"minecraft:birch_sapling":6,"minecraft:obsidian":1,"minecraft:raw_iron":194,"minecraft:iron_boots":2,"minecraft:oak_planks":98,"minecraft:iron_hoe":1,"minecraft:glowstone_dust":6,"minecraft:stripped_oak_log":4,"minecraft:white_bed":1,"minecraft:lightning_rod":1,"minecraft:poppy":1,"minecraft:hay_block":64,"minecraft:andesite":11,"minecraft:oak_sapling":23,"minecraft:arrow":3,"minecraft:netherrack":12},"minecraft:picked_up":{"minecraft:crafting_table":9,"minecraft:wheat":31,"minecraft:chicken":1,"minecraft:oak_stairs":93,"minecraft:gold_block":1,"minecraft:cornflower":2,"minecraft:string":1074,"minecraft:raw_copper":7,"minecraft:iron_axe":13,"minecraft:iron_shovel":2,"minecraft:blackstone":23,"minecraft:smooth_stone":8,"minecraft:cartography_table":1,"minecraft:gold_nugget":122,"minecraft:cobbled_deepslate":64,"minecraft:beef":3,"minecraft:rose_bush":14,"minecraft:poppy":12,"minecraft:iron_pickaxe":3,"minecraft:birch_sapling":8,"minecraft:iron_boots":1,"minecraft:furnace":1,"minecraft:stick":29,"minecraft:raw_iron":303,"minecraft:oak_door":2,"minecraft:jukebox":2,"minecraft:oak_fence":59,"minecraft:torch":26,"minecraft:fire_charge":2,"minecraft:porkchop":8,"minecraft:lightning_rod":2,"minecraft:diorite":7,"minecraft:redstone":1,"minecraft:arrow":7,"minecraft:rotten_flesh":23,"minecraft:hay_block":119,"minecraft:gold_ingot":14,"minecraft:music_disc_wait":4,"minecraft:obsidian":2,"minecraft:cobblestone":444,"minecraft:oxeye_daisy":4,"minecraft:stripped_oak_log":4,"minecraft:feather":1,"minecraft:andesite":11,"minecraft:leather":2,"minecraft:birch_planks":1,"minecraft:flint":1,"minecraft:tuff":13,"minecraft:oak_log":224,"minecraft:yellow_bed":5,"minecraft:lapis_lazuli":234,"minecraft:dirt":684,"minecraft:bone":2,"minecraft:apple":5,"minecraft:bow":1,"minecraft:wheat_seeds":16,"minecraft:raw_gold":30,"minecraft:bell":1,"minecraft:iron_ingot":10,"minecraft:glowstone_dust":6,"minecraft:oak_planks":64,"minecraft:soul_sand":5,"minecraft:dandelion":38,"minecraft:oak_pressure_plate":1,"minecraft:gravel":81,"minecraft:sand":21,"minecraft:ink_sac":3,"minecraft:white_bed":9,"minecraft:grass_block":2,"minecraft:spectral_arrow":12,"minecraft:mossy_cobblestone":7,"minecraft:diamond":4,"minecraft:chainmail_leggings":7,"minecraft:granite":6,"minecraft:chainmail_helmet":2,"minecraft:bread":65,"minecraft:emerald":3,"minecraft:oak_sapling":40,"minecraft:netherrack":12,"minecraft:coal":19,"minecraft:ender_pearl":3},"minecraft:used":{"minecraft:oak_fence":3,"minecraft:rose_bush":9,"minecraft:iron_shovel":934,"minecraft:flint_and_steel":24,"minecraft:bell":1,"minecraft:iron_chestplate":1,"minecraft:torch":24,"minecraft:dirt":166,"minecraft:iron_hoe":24,"minecraft:wooden_axe":47,"minecraft:lava_bucket":11,"minecraft:iron_axe":498,"minecraft:oak_stairs":15,"minecraft:birch_sapling":2,"minecraft:iron_helmet":1,"minecraft:iron_boots":1,"minecraft:music_disc_wait":5,"minecraft:bow":15,"minecraft:oak_sapling":17,"minecraft:furnace":2,"minecraft:iron_leggings":1,"minecraft:water_bucket":32,"minecraft:oak_planks":16,"minecraft:wooden_pickaxe":22,"minecraft:fletching_table":3,"minecraft:crafting_table":9,"minecraft:white_bed":9,"minecraft:black_bed":5,"minecraft:lightning_rod":2,"minecraft:oak_log":1,"minecraft:bread":78,"minecraft:string":1,"minecraft:iron_pickaxe":978,"minecraft:gravel":17,"minecraft:cobblestone":436,"minecraft:porkchop":3,"minecraft:bucket":43,"minecraft:yellow_bed":4,"minecraft:bone_meal":6,"minecraft:jukebox":3},"minecraft:killed":{"minecraft:witch":1,"minecraft:spider":6,"minecraft:skeleton":8,"minecraft:chicken":1,"minecraft:pig":4,"minecraft:iron_golem":2,"minecraft:zombie":11,"minecraft:glow_squid":1,"minecraft:enderman":5,"minecraft:cow":3},"minecraft:broken":{"minecraft:iron_shovel":3,"minecraft:iron_axe":1,"minecraft:iron_pickaxe":3,"minecraft:wooden_axe":1},"minecraft:mined":{"minecraft:nether_gold_ore":26,"minecraft:tuff":13,"minecraft:white_bed":8,"minecraft:oak_sapling":4,"minecraft:mossy_cobblestone":7,"minecraft:deepslate_diamond_ore":4,"minecraft:cobblestone_stairs":6,"minecraft:granite":6,"minecraft:grass_block":272,"minecraft:cartography_table":1,"minecraft:oxeye_daisy":1,"minecraft:hay_block":58,"minecraft:smooth_stone":8,"minecraft:furnace":1,"minecraft:iron_ore":53,"minecraft:fire":8,"minecraft:andesite":11,"minecraft:deepslate_lapis_ore":11,"minecraft:gold_block":1,"minecraft:bell":1,"minecraft:deepslate_iron_ore":56,"minecraft:oak_stairs":96,"minecraft:stripped_oak_log":4,"minecraft:stone":277,"minecraft:oak_slab":3,"minecraft:glass_pane":4,"minecraft:dandelion":18,"minecraft:oak_fence":8,"minecraft:cornflower":2,"minecraft:crafting_table":8,"minecraft:torch":13,"minecraft:poppy":9,"minecraft:chest":1,"minecraft:rose_bush":15,"minecraft:nether_quartz_ore":4,"minecraft:lightning_rod":2,"minecraft:copper_ore":7,"minecraft:tall_grass":8,"minecraft:cobblestone":261,"minecraft:deepslate_gold_ore":24,"minecraft:lapis_ore":14,"minecraft:oak_planks":55,"minecraft:bricks":2,"minecraft:wall_torch":4,"minecraft:diorite":7,"minecraft:cobblestone_wall":1,"minecraft:birch_log":5,"minecraft:lilac":3,"minecraft:birch_leaves":2,"minecraft:jukebox":1,"minecraft:yellow_bed":5,"minecraft:grass":58,"minecraft:coal_ore":20,"minecraft:oak_log":228,"minecraft:gravel":20,"minecraft:sand":7,"minecraft:dirt":658,"minecraft:netherrack":21,"minecraft:gold_ore":6,"minecraft:oak_leaves":34,"minecraft:deepslate":79},"minecraft:custom":{"minecraft:mob_kills":42,"minecraft:interact_with_crafting_table":55,"minecraft:bell_ring":211,"minecraft:leave_game":4,"minecraft:time_since_death":3889,"minecraft:climb_one_cm":854,"minecraft:sprint_one_cm":568736,"minecraft:walk_one_cm":589488,"minecraft:drop":724,"minecraft:talked_to_villager":60,"minecraft:play_time":267815,"minecraft:deaths":13,"minecraft:sneak_time":10073,"minecraft:walk_under_water_one_cm":26238,"minecraft:jump":5701,"minecraft:walk_on_water_one_cm":48611,"minecraft:total_world_time":267815,"minecraft:interact_with_furnace":21,"minecraft:play_record":5,"minecraft:traded_with_villager":65,"minecraft:interact_with_grindstone":1,"minecraft:sleep_in_bed":6,"minecraft:time_since_rest":3959,"minecraft:damage_taken":6545,"minecraft:damage_dealt":12861,"minecraft:player_kills":13,"minecraft:swim_one_cm":128783,"minecraft:fly_one_cm":926540,"minecraft:open_chest":62,"minecraft:crouch_one_cm":42901,"minecraft:fall_one_cm":190231}},"DataVersion":3463}