{"stats":{"minecraft:crafted":{"minecraft:cooked_beef":3,"minecraft:oak_planks":92,"minecraft:cooked_porkchop":5,"minecraft:crafting_table":1,"minecraft:iron_helmet":1,"minecraft:cooked_chicken":1,"minecraft:wooden_pickaxe":1,"minecraft:furnace":1,"minecraft:bread":57,"minecraft:air":0,"minecraft:iron_boots":1,"minecraft:iron_chestplate":1,"minecraft:iron_axe":1,"minecraft:stick":12,"minecraft:iron_ingot":43,"minecraft:iron_pickaxe":3,"minecraft:wooden_axe":1,"minecraft:iron_leggings":1,"minecraft:gold_ingot":7,"minecraft:wheat":171},"minecraft:killed_by":{"minecraft:iron_golem":1},"minecraft:dropped":{"minecraft:gravel":1,"minecraft:wheat_seeds":4,"minecraft:oak_log":54,"minecraft:crafting_table":1,"minecraft:tuff":13,"minecraft:raw_iron":192,"minecraft:feather":1,"minecraft:oak_planks":89,"minecraft:granite":6,"minecraft:stick":2,"minecraft:dirt":9,"minecraft:diorite":7,"minecraft:oak_sapling":7},"minecraft:picked_up":{"minecraft:crafting_table":8,"minecraft:feather":1,"minecraft:chicken":1,"minecraft:andesite":11,"minecraft:tuff":13,"minecraft:oak_log":78,"minecraft:yellow_bed":3,"minecraft:lapis_lazuli":170,"minecraft:cornflower":2,"minecraft:dirt":9,"minecraft:raw_copper":7,"minecraft:bone":2,"minecraft:apple":2,"minecraft:wheat_seeds":5,"minecraft:cartography_table":1,"minecraft:cobbled_deepslate":64,"minecraft:raw_gold":30,"minecraft:beef":3,"minecraft:iron_ingot":10,"minecraft:rose_bush":9,"minecraft:poppy":11,"minecraft:oak_planks":25,"minecraft:furnace":1,"minecraft:stick":3,"minecraft:raw_iron":235,"minecraft:dandelion":17,"minecraft:gravel":11,"minecraft:porkchop":8,"minecraft:ink_sac":3,"minecraft:diorite":7,"minecraft:white_bed":3,"minecraft:rotten_flesh":11,"minecraft:diamond":4,"minecraft:hay_block":19,"minecraft:granite":6,"minecraft:oak_sapling":7,"minecraft:coal":19,"minecraft:ender_pearl":2,"minecraft:cobblestone":272,"minecraft:oxeye_daisy":1},"minecraft:used":{"minecraft:wooden_pickaxe":22,"minecraft:iron_chestplate":1,"minecraft:crafting_table":7,"minecraft:white_bed":3,"minecraft:wooden_axe":47,"minecraft:iron_axe":135,"minecraft:bread":29,"minecraft:iron_pickaxe":589,"minecraft:iron_helmet":1,"minecraft:iron_boots":1,"minecraft:gravel":10,"minecraft:cobblestone":179,"minecraft:furnace":1,"minecraft:porkchop":3,"minecraft:yellow_bed":3,"minecraft:iron_leggings":1},"minecraft:killed":{"minecraft:pig":4,"minecraft:iron_golem":2,"minecraft:skeleton":4,"minecraft:zombie":6,"minecraft:chicken":1,"minecraft:glow_squid":1,"minecraft:enderman":2,"minecraft:cow":3},"minecraft:broken":{"minecraft:iron_pickaxe":2,"minecraft:wooden_axe":1},"minecraft:mined":{"minecraft:tuff":13,"minecraft:white_bed":3,"minecraft:deepslate_diamond_ore":4,"minecraft:dandelion":18,"minecraft:crafting_table":7,"minecraft:cornflower":2,"minecraft:granite":6,"minecraft:poppy":9,"minecraft:rose_bush":9,"minecraft:tall_grass":6,"minecraft:copper_ore":2,"minecraft:cobblestone":101,"minecraft:deepslate_gold_ore":24,"minecraft:lapis_ore":14,"minecraft:oak_planks":27,"minecraft:cartography_table":1,"minecraft:diorite":7,"minecraft:oxeye_daisy":1,"minecraft:hay_block":19,"minecraft:furnace":1,"minecraft:iron_ore":51,"minecraft:andesite":11,"minecraft:deepslate_lapis_ore":11,"minecraft:yellow_bed":3,"minecraft:grass":21,"minecraft:oak_log":82,"minecraft:coal_ore":20,"minecraft:deepslate_iron_ore":56,"minecraft:gravel":12,"minecraft:dirt":4,"minecraft:stone":173,"minecraft:gold_ore":6,"minecraft:oak_leaves":29,"minecraft:deepslate":79},"minecraft:custom":{"minecraft:interact_with_furnace":11,"minecraft:mob_kills":23,"minecraft:interact_with_crafting_table":15,"minecraft:bell_ring":1,"minecraft:leave_game":1,"minecraft:time_since_death":11135,"minecraft:sleep_in_bed":2,"minecraft:climb_one_cm":854,"minecraft:time_since_rest":11183,"minecraft:sprint_one_cm":257590,"minecraft:damage_taken":1533,"minecraft:walk_one_cm":160648,"minecraft:drop":23,"minecraft:damage_dealt":6190,"minecraft:talked_to_villager":1,"minecraft:swim_one_cm":128219,"minecraft:fly_one_cm":340484,"minecraft:player_kills":2,"minecraft:open_chest":6,"minecraft:crouch_one_cm":2045,"minecraft:play_time":95503,"minecraft:deaths":2,"minecraft:sneak_time":1056,"minecraft:walk_under_water_one_cm":25726,"minecraft:jump":2166,"minecraft:walk_on_water_one_cm":38714,"minecraft:total_world_time":95503,"minecraft:fall_one_cm":52929}},"DataVersion":3463}