{"stats":{"minecraft:crafted":{"minecraft:black_dye":3,"minecraft:oak_planks":264,"minecraft:cooked_chicken":1,"minecraft:lightning_rod":1,"minecraft:furnace":1,"minecraft:yellow_bed":1,"minecraft:bone_meal":6,"minecraft:iron_boots":1,"minecraft:iron_axe":2,"minecraft:iron_hoe":1,"minecraft:wheat":171,"minecraft:cooked_beef":3,"minecraft:red_dye":21,"minecraft:emerald":8,"minecraft:cooked_porkchop":5,"minecraft:crafting_table":1,"minecraft:wooden_pickaxe":1,"minecraft:iron_helmet":1,"minecraft:copper_ingot":3,"minecraft:bread":57,"minecraft:air":0,"minecraft:blue_dye":2,"minecraft:white_wool":16,"minecraft:iron_chestplate":1,"minecraft:yellow_dye":1,"minecraft:stick":340,"minecraft:iron_ingot":43,"minecraft:iron_pickaxe":3,"minecraft:oak_stairs":8,"minecraft:wooden_axe":1,"minecraft:gold_ingot":7,"minecraft:iron_leggings":1,"minecraft:black_bed":3,"minecraft:white_bed":4},"minecraft:killed_by":{"minecraft:iron_golem":1},"minecraft:dropped":{"minecraft:wheat_seeds":4,"minecraft:lapis_lazuli":64,"minecraft:oak_log":54,"minecraft:crafting_table":1,"minecraft:feather":1,"minecraft:granite":6,"minecraft:stick":2,"minecraft:emerald":3,"minecraft:oxeye_daisy":3,"minecraft:dirt":13,"minecraft:diorite":7,"minecraft:torch":2,"minecraft:oak_stairs":1,"minecraft:red_dye":21,"minecraft:dandelion":19,"minecraft:redstone":1,"minecraft:gravel":1,"minecraft:tuff":13,"minecraft:raw_iron":192,"minecraft:oak_planks":90,"minecraft:glowstone_dust":3,"minecraft:white_bed":1,"minecraft:lightning_rod":1,"minecraft:andesite":11,"minecraft:oak_sapling":7},"minecraft:picked_up":{"minecraft:crafting_table":8,"minecraft:chicken":1,"minecraft:oak_stairs":8,"minecraft:cornflower":2,"minecraft:raw_copper":7,"minecraft:cartography_table":1,"minecraft:cobbled_deepslate":64,"minecraft:beef":3,"minecraft:rose_bush":14,"minecraft:poppy":11,"minecraft:birch_sapling":2,"minecraft:furnace":1,"minecraft:raw_iron":299,"minecraft:stick":3,"minecraft:torch":3,"minecraft:porkchop":8,"minecraft:lightning_rod":2,"minecraft:diorite":7,"minecraft:redstone":1,"minecraft:arrow":3,"minecraft:rotten_flesh":17,"minecraft:hay_block":52,"minecraft:cobblestone":280,"minecraft:oxeye_daisy":4,"minecraft:feather":1,"minecraft:andesite":11,"minecraft:tuff":13,"minecraft:oak_log":121,"minecraft:yellow_bed":5,"minecraft:dirt":18,"minecraft:lapis_lazuli":234,"minecraft:bone":2,"minecraft:apple":2,"minecraft:wheat_seeds":5,"minecraft:raw_gold":30,"minecraft:bell":1,"minecraft:iron_ingot":10,"minecraft:glowstone_dust":6,"minecraft:oak_planks":51,"minecraft:dandelion":38,"minecraft:gravel":11,"minecraft:ink_sac":3,"minecraft:white_bed":9,"minecraft:diamond":4,"minecraft:granite":6,"minecraft:emerald":3,"minecraft:oak_sapling":12,"minecraft:coal":19,"minecraft:ender_pearl":2},"minecraft:used":{"minecraft:rose_bush":9,"minecraft:bell":1,"minecraft:iron_chestplate":1,"minecraft:iron_hoe":17,"minecraft:wooden_axe":47,"minecraft:iron_axe":210,"minecraft:oak_stairs":15,"minecraft:iron_helmet":1,"minecraft:iron_boots":1,"minecraft:furnace":2,"minecraft:oak_sapling":5,"minecraft:iron_leggings":1,"minecraft:oak_planks":6,"minecraft:wooden_pickaxe":22,"minecraft:fletching_table":3,"minecraft:crafting_table":8,"minecraft:white_bed":9,"minecraft:black_bed":5,"minecraft:lightning_rod":2,"minecraft:oak_log":1,"minecraft:bread":41,"minecraft:iron_pickaxe":605,"minecraft:gravel":10,"minecraft:cobblestone":201,"minecraft:porkchop":3,"minecraft:yellow_bed":4,"minecraft:bone_meal":6},"minecraft:killed":{"minecraft:witch":1,"minecraft:skeleton":5,"minecraft:chicken":1,"minecraft:pig":4,"minecraft:iron_golem":2,"minecraft:zombie":6,"minecraft:glow_squid":1,"minecraft:cow":3,"minecraft:enderman":2},"minecraft:broken":{"minecraft:iron_axe":1,"minecraft:iron_pickaxe":2,"minecraft:wooden_axe":1},"minecraft:mined":{"minecraft:tuff":13,"minecraft:white_bed":8,"minecraft:oak_sapling":3,"minecraft:deepslate_diamond_ore":4,"minecraft:granite":6,"minecraft:grass_block":2,"minecraft:cartography_table":1,"minecraft:oxeye_daisy":1,"minecraft:hay_block":52,"minecraft:furnace":1,"minecraft:iron_ore":51,"minecraft:andesite":11,"minecraft:deepslate_lapis_ore":11,"minecraft:bell":1,"minecraft:deepslate_iron_ore":56,"minecraft:oak_stairs":10,"minecraft:stone":173,"minecraft:dandelion":18,"minecraft:crafting_table":7,"minecraft:cornflower":2,"minecraft:torch":1,"minecraft:poppy":9,"minecraft:chest":1,"minecraft:rose_bush":15,"minecraft:lightning_rod":2,"minecraft:copper_ore":2,"minecraft:tall_grass":6,"minecraft:cobblestone":113,"minecraft:lapis_ore":14,"minecraft:deepslate_gold_ore":24,"minecraft:oak_planks":51,"minecraft:diorite":7,"minecraft:wall_torch":2,"minecraft:yellow_bed":5,"minecraft:grass":25,"minecraft:coal_ore":20,"minecraft:oak_log":125,"minecraft:gravel":12,"minecraft:dirt":7,"minecraft:gold_ore":6,"minecraft:oak_leaves":29,"minecraft:deepslate":79},"minecraft:custom":{"minecraft:mob_kills":25,"minecraft:interact_with_crafting_table":33,"minecraft:bell_ring":211,"minecraft:leave_game":1,"minecraft:time_since_death":53135,"minecraft:climb_one_cm":854,"minecraft:sprint_one_cm":351750,"minecraft:walk_one_cm":280444,"minecraft:drop":104,"minecraft:talked_to_villager":16,"minecraft:play_time":137503,"minecraft:deaths":2,"minecraft:sneak_time":2271,"minecraft:walk_under_water_one_cm":25726,"minecraft:jump":3063,"minecraft:walk_on_water_one_cm":38714,"minecraft:total_world_time":137503,"minecraft:interact_with_furnace":15,"minecraft:traded_with_villager":8,"minecraft:sleep_in_bed":2,"minecraft:time_since_rest":53183,"minecraft:damage_taken":1965,"minecraft:damage_dealt":7045,"minecraft:player_kills":3,"minecraft:swim_one_cm":128219,"minecraft:fly_one_cm":497276,"minecraft:open_chest":20,"minecraft:crouch_one_cm":8802,"minecraft:fall_one_cm":84744}},"DataVersion":3463}