{"stats":{"minecraft:crafted":{"minecraft:black_dye":3,"minecraft:oak_planks":216,"minecraft:cooked_chicken":1,"minecraft:furnace":1,"minecraft:bone_meal":6,"minecraft:iron_boots":1,"minecraft:iron_axe":1,"minecraft:wheat":171,"minecraft:cooked_beef":3,"minecraft:red_dye":21,"minecraft:emerald":5,"minecraft:cooked_porkchop":5,"minecraft:crafting_table":1,"minecraft:wooden_pickaxe":1,"minecraft:iron_helmet":1,"minecraft:bread":57,"minecraft:air":0,"minecraft:blue_dye":2,"minecraft:iron_chestplate":1,"minecraft:stick":316,"minecraft:iron_ingot":43,"minecraft:iron_pickaxe":3,"minecraft:wooden_axe":1,"minecraft:gold_ingot":7,"minecraft:iron_leggings":1,"minecraft:black_bed":3},"minecraft:killed_by":{"minecraft:iron_golem":1},"minecraft:dropped":{"minecraft:wheat_seeds":4,"minecraft:lapis_lazuli":64,"minecraft:oak_log":54,"minecraft:crafting_table":1,"minecraft:feather":1,"minecraft:granite":6,"minecraft:stick":2,"minecraft:emerald":3,"minecraft:oxeye_daisy":2,"minecraft:dirt":13,"minecraft:diorite":7,"minecraft:torch":2,"minecraft:oak_stairs":1,"minecraft:dandelion":19,"minecraft:redstone":1,"minecraft:gravel":1,"minecraft:tuff":13,"minecraft:raw_iron":192,"minecraft:oak_planks":90,"minecraft:glowstone_dust":3,"minecraft:andesite":11,"minecraft:oak_sapling":7},"minecraft:picked_up":{"minecraft:crafting_table":8,"minecraft:chicken":1,"minecraft:oak_stairs":1,"minecraft:cornflower":2,"minecraft:raw_copper":7,"minecraft:cartography_table":1,"minecraft:cobbled_deepslate":64,"minecraft:beef":3,"minecraft:rose_bush":14,"minecraft:poppy":11,"minecraft:furnace":1,"minecraft:raw_iron":299,"minecraft:stick":3,"minecraft:torch":2,"minecraft:porkchop":8,"minecraft:diorite":7,"minecraft:redstone":1,"minecraft:rotten_flesh":11,"minecraft:hay_block":34,"minecraft:cobblestone":276,"minecraft:oxeye_daisy":3,"minecraft:feather":1,"minecraft:andesite":11,"minecraft:tuff":13,"minecraft:oak_log":108,"minecraft:yellow_bed":5,"minecraft:dirt":13,"minecraft:lapis_lazuli":234,"minecraft:bone":2,"minecraft:apple":2,"minecraft:wheat_seeds":5,"minecraft:raw_gold":30,"minecraft:iron_ingot":10,"minecraft:glowstone_dust":6,"minecraft:oak_planks":46,"minecraft:dandelion":38,"minecraft:gravel":11,"minecraft:ink_sac":3,"minecraft:white_bed":4,"minecraft:diamond":4,"minecraft:granite":6,"minecraft:emerald":3,"minecraft:oak_sapling":12,"minecraft:coal":19,"minecraft:ender_pearl":2},"minecraft:used":{"minecraft:rose_bush":9,"minecraft:iron_chestplate":1,"minecraft:wooden_axe":47,"minecraft:iron_axe":197,"minecraft:iron_helmet":1,"minecraft:iron_boots":1,"minecraft:furnace":1,"minecraft:oak_sapling":5,"minecraft:iron_leggings":1,"minecraft:oak_planks":1,"minecraft:wooden_pickaxe":22,"minecraft:crafting_table":8,"minecraft:white_bed":3,"minecraft:black_bed":3,"minecraft:bread":31,"minecraft:iron_pickaxe":593,"minecraft:gravel":10,"minecraft:cobblestone":182,"minecraft:porkchop":3,"minecraft:yellow_bed":3,"minecraft:bone_meal":6},"minecraft:killed":{"minecraft:witch":1,"minecraft:skeleton":4,"minecraft:chicken":1,"minecraft:pig":4,"minecraft:iron_golem":2,"minecraft:zombie":6,"minecraft:glow_squid":1,"minecraft:cow":3,"minecraft:enderman":2},"minecraft:broken":{"minecraft:iron_pickaxe":2,"minecraft:wooden_axe":1},"minecraft:mined":{"minecraft:tuff":13,"minecraft:white_bed":4,"minecraft:oak_sapling":3,"minecraft:deepslate_diamond_ore":4,"minecraft:granite":6,"minecraft:cartography_table":1,"minecraft:oxeye_daisy":1,"minecraft:hay_block":34,"minecraft:furnace":1,"minecraft:iron_ore":51,"minecraft:andesite":11,"minecraft:deepslate_lapis_ore":11,"minecraft:deepslate_iron_ore":56,"minecraft:oak_stairs":4,"minecraft:stone":173,"minecraft:dandelion":18,"minecraft:crafting_table":7,"minecraft:cornflower":2,"minecraft:poppy":9,"minecraft:chest":1,"minecraft:rose_bush":15,"minecraft:copper_ore":2,"minecraft:tall_grass":6,"minecraft:cobblestone":105,"minecraft:lapis_ore":14,"minecraft:deepslate_gold_ore":24,"minecraft:oak_planks":46,"minecraft:diorite":7,"minecraft:wall_torch":2,"minecraft:yellow_bed":5,"minecraft:grass":25,"minecraft:coal_ore":20,"minecraft:oak_log":112,"minecraft:gravel":12,"minecraft:dirt":4,"minecraft:gold_ore":6,"minecraft:oak_leaves":29,"minecraft:deepslate":79},"minecraft:custom":{"minecraft:mob_kills":24,"minecraft:interact_with_crafting_table":19,"minecraft:bell_ring":10,"minecraft:leave_game":1,"minecraft:time_since_death":23135,"minecraft:climb_one_cm":854,"minecraft:sprint_one_cm":274042,"minecraft:walk_one_cm":190752,"minecraft:drop":100,"minecraft:talked_to_villager":5,"minecraft:play_time":107503,"minecraft:deaths":2,"minecraft:sneak_time":1571,"minecraft:walk_under_water_one_cm":25726,"minecraft:jump":2355,"minecraft:walk_on_water_one_cm":38714,"minecraft:total_world_time":107503,"minecraft:interact_with_furnace":11,"minecraft:traded_with_villager":5,"minecraft:sleep_in_bed":2,"minecraft:time_since_rest":23183,"minecraft:damage_taken":1573,"minecraft:damage_dealt":6745,"minecraft:player_kills":2,"minecraft:swim_one_cm":128219,"minecraft:fly_one_cm":369412,"minecraft:open_chest":9,"minecraft:crouch_one_cm":5255,"minecraft:fall_one_cm":60388}},"DataVersion":3463}