{"stats":{"minecraft:crafted":{"minecraft:oak_planks":92,"minecraft:crafting_table":1,"minecraft:wooden_pickaxe":1,"minecraft:furnace":1,"minecraft:bread":33,"minecraft:air":0,"minecraft:stick":8,"minecraft:iron_ingot":9,"minecraft:iron_pickaxe":1,"minecraft:wooden_axe":1,"minecraft:wheat":99},"minecraft:killed_by":{"minecraft:iron_golem":1},"minecraft:dropped":{"minecraft:wheat_seeds":2,"minecraft:crafting_table":1,"minecraft:oak_planks":19},"minecraft:picked_up":{"minecraft:crafting_table":5,"minecraft:feather":1,"minecraft:chicken":1,"minecraft:andesite":5,"minecraft:oak_log":23,"minecraft:yellow_bed":3,"minecraft:lapis_lazuli":59,"minecraft:cornflower":2,"minecraft:dirt":3,"minecraft:raw_copper":7,"minecraft:apple":2,"minecraft:wheat_seeds":3,"minecraft:cartography_table":1,"minecraft:beef":3,"minecraft:iron_ingot":5,"minecraft:rose_bush":9,"minecraft:poppy":10,"minecraft:stick":3,"minecraft:raw_iron":34,"minecraft:dandelion":17,"minecraft:gravel":11,"minecraft:porkchop":8,"minecraft:ink_sac":3,"minecraft:diorite":7,"minecraft:white_bed":3,"minecraft:rotten_flesh":2,"minecraft:hay_block":19,"minecraft:oak_sapling":3,"minecraft:coal":19,"minecraft:cobblestone":149,"minecraft:oxeye_daisy":1},"minecraft:used":{"minecraft:wooden_pickaxe":22,"minecraft:crafting_table":5,"minecraft:white_bed":3,"minecraft:wooden_axe":47,"minecraft:bread":10,"minecraft:iron_pickaxe":238,"minecraft:gravel":10,"minecraft:furnace":1,"minecraft:porkchop":3,"minecraft:yellow_bed":3},"minecraft:killed":{"minecraft:pig":4,"minecraft:iron_golem":1,"minecraft:zombie":2,"minecraft:chicken":1,"minecraft:cow":3},"minecraft:broken":{"minecraft:iron_pickaxe":1,"minecraft:wooden_axe":1},"minecraft:mined":{"minecraft:white_bed":3,"minecraft:dandelion":18,"minecraft:crafting_table":4,"minecraft:cornflower":2,"minecraft:poppy":9,"minecraft:rose_bush":9,"minecraft:tall_grass":6,"minecraft:copper_ore":2,"minecraft:lapis_ore":9,"minecraft:cartography_table":1,"minecraft:diorite":7,"minecraft:oxeye_daisy":1,"minecraft:hay_block":19,"minecraft:iron_ore":34,"minecraft:andesite":5,"minecraft:yellow_bed":3,"minecraft:grass":21,"minecraft:oak_log":25,"minecraft:coal_ore":20,"minecraft:gravel":12,"minecraft:dirt":4,"minecraft:stone":151,"minecraft:oak_leaves":10},"minecraft:custom":{"minecraft:interact_with_furnace":5,"minecraft:mob_kills":11,"minecraft:interact_with_crafting_table":8,"minecraft:bell_ring":1,"minecraft:leave_game":1,"minecraft:time_since_death":32754,"minecraft:sleep_in_bed":2,"minecraft:climb_one_cm":854,"minecraft:time_since_rest":20046,"minecraft:sprint_one_cm":149612,"minecraft:damage_taken":616,"minecraft:walk_one_cm":95855,"minecraft:drop":4,"minecraft:damage_dealt":2433,"minecraft:swim_one_cm":97137,"minecraft:fly_one_cm":203177,"minecraft:player_kills":1,"minecraft:open_chest":3,"minecraft:crouch_one_cm":1246,"minecraft:play_time":47503,"minecraft:deaths":1,"minecraft:sneak_time":717,"minecraft:walk_under_water_one_cm":13019,"minecraft:jump":1122,"minecraft:walk_on_water_one_cm":26908,"minecraft:total_world_time":47503,"minecraft:fall_one_cm":27557}},"DataVersion":3463}