{"stats":{"minecraft:crafted":{"minecraft:cooked_beef":3,"minecraft:oak_planks":92,"minecraft:cooked_porkchop":5,"minecraft:crafting_table":1,"minecraft:cooked_chicken":1,"minecraft:wooden_pickaxe":1,"minecraft:furnace":1,"minecraft:bread":57,"minecraft:air":0,"minecraft:iron_axe":1,"minecraft:stick":12,"minecraft:iron_ingot":43,"minecraft:iron_pickaxe":3,"minecraft:wooden_axe":1,"minecraft:gold_ingot":7,"minecraft:wheat":171},"minecraft:killed_by":{"minecraft:iron_golem":1},"minecraft:dropped":{"minecraft:gravel":1,"minecraft:wheat_seeds":4,"minecraft:crafting_table":1,"minecraft:oak_planks":19,"minecraft:dirt":6,"minecraft:diorite":7,"minecraft:oak_sapling":3},"minecraft:picked_up":{"minecraft:crafting_table":7,"minecraft:feather":1,"minecraft:chicken":1,"minecraft:andesite":11,"minecraft:tuff":5,"minecraft:oak_log":23,"minecraft:yellow_bed":3,"minecraft:lapis_lazuli":117,"minecraft:cornflower":2,"minecraft:dirt":9,"minecraft:raw_copper":7,"minecraft:bone":1,"minecraft:apple":2,"minecraft:wheat_seeds":5,"minecraft:cartography_table":1,"minecraft:cobbled_deepslate":49,"minecraft:raw_gold":24,"minecraft:beef":3,"minecraft:iron_ingot":5,"minecraft:rose_bush":9,"minecraft:poppy":10,"minecraft:furnace":1,"minecraft:stick":3,"minecraft:raw_iron":81,"minecraft:dandelion":17,"minecraft:gravel":11,"minecraft:porkchop":8,"minecraft:ink_sac":3,"minecraft:diorite":7,"minecraft:white_bed":3,"minecraft:rotten_flesh":2,"minecraft:hay_block":19,"minecraft:granite":6,"minecraft:oak_sapling":3,"minecraft:coal":19,"minecraft:cobblestone":266,"minecraft:oxeye_daisy":1},"minecraft:used":{"minecraft:wooden_pickaxe":22,"minecraft:crafting_table":6,"minecraft:white_bed":3,"minecraft:wooden_axe":47,"minecraft:iron_axe":15,"minecraft:bread":16,"minecraft:iron_pickaxe":501,"minecraft:gravel":10,"minecraft:cobblestone":134,"minecraft:furnace":1,"minecraft:porkchop":3,"minecraft:yellow_bed":3},"minecraft:killed":{"minecraft:pig":4,"minecraft:iron_golem":1,"minecraft:skeleton":3,"minecraft:zombie":4,"minecraft:chicken":1,"minecraft:cow":3},"minecraft:broken":{"minecraft:iron_pickaxe":2,"minecraft:wooden_axe":1},"minecraft:mined":{"minecraft:tuff":5,"minecraft:white_bed":3,"minecraft:dandelion":18,"minecraft:crafting_table":6,"minecraft:cornflower":2,"minecraft:granite":6,"minecraft:poppy":9,"minecraft:rose_bush":9,"minecraft:tall_grass":6,"minecraft:copper_ore":2,"minecraft:cobblestone":96,"minecraft:deepslate_gold_ore":20,"minecraft:lapis_ore":12,"minecraft:cartography_table":1,"minecraft:diorite":7,"minecraft:oxeye_daisy":1,"minecraft:hay_block":19,"minecraft:furnace":1,"minecraft:iron_ore":51,"minecraft:andesite":11,"minecraft:deepslate_lapis_ore":5,"minecraft:yellow_bed":3,"minecraft:grass":21,"minecraft:oak_log":25,"minecraft:coal_ore":20,"minecraft:deepslate_iron_ore":30,"minecraft:gravel":12,"minecraft:dirt":4,"minecraft:stone":172,"minecraft:gold_ore":4,"minecraft:oak_leaves":10,"minecraft:deepslate":49},"minecraft:custom":{"minecraft:interact_with_furnace":11,"minecraft:mob_kills":16,"minecraft:interact_with_crafting_table":10,"minecraft:bell_ring":1,"minecraft:leave_game":1,"minecraft:time_since_death":56754,"minecraft:sleep_in_bed":2,"minecraft:climb_one_cm":854,"minecraft:time_since_rest":44046,"minecraft:sprint_one_cm":181367,"minecraft:damage_taken":856,"minecraft:walk_one_cm":113884,"minecraft:drop":11,"minecraft:damage_dealt":3493,"minecraft:swim_one_cm":97244,"minecraft:fly_one_cm":234346,"minecraft:player_kills":1,"minecraft:open_chest":3,"minecraft:crouch_one_cm":1372,"minecraft:play_time":71503,"minecraft:deaths":1,"minecraft:sneak_time":745,"minecraft:walk_under_water_one_cm":16693,"minecraft:jump":1484,"minecraft:walk_on_water_one_cm":32209,"minecraft:total_world_time":71503,"minecraft:fall_one_cm":31900}},"DataVersion":3463}