{"stats":{"minecraft:crafted":{"minecraft:cooked_beef":3,"minecraft:oak_planks":92,"minecraft:cooked_porkchop":5,"minecraft:crafting_table":1,"minecraft:cooked_chicken":1,"minecraft:wooden_pickaxe":1,"minecraft:furnace":1,"minecraft:bread":57,"minecraft:air":0,"minecraft:iron_axe":1,"minecraft:stick":8,"minecraft:iron_ingot":43,"minecraft:iron_pickaxe":2,"minecraft:wooden_axe":1,"minecraft:gold_ingot":7,"minecraft:wheat":171},"minecraft:killed_by":{"minecraft:iron_golem":1},"minecraft:dropped":{"minecraft:wheat_seeds":3,"minecraft:crafting_table":1,"minecraft:oak_planks":19,"minecraft:dirt":6,"minecraft:oak_sapling":3},"minecraft:picked_up":{"minecraft:crafting_table":6,"minecraft:feather":1,"minecraft:chicken":1,"minecraft:andesite":5,"minecraft:tuff":3,"minecraft:oak_log":23,"minecraft:yellow_bed":3,"minecraft:lapis_lazuli":59,"minecraft:cornflower":2,"minecraft:dirt":9,"minecraft:raw_copper":7,"minecraft:apple":2,"minecraft:wheat_seeds":5,"minecraft:cartography_table":1,"minecraft:cobbled_deepslate":27,"minecraft:raw_gold":7,"minecraft:beef":3,"minecraft:iron_ingot":5,"minecraft:rose_bush":9,"minecraft:poppy":10,"minecraft:furnace":1,"minecraft:stick":3,"minecraft:raw_iron":43,"minecraft:dandelion":17,"minecraft:gravel":11,"minecraft:porkchop":8,"minecraft:ink_sac":3,"minecraft:diorite":7,"minecraft:white_bed":3,"minecraft:rotten_flesh":2,"minecraft:hay_block":19,"minecraft:granite":6,"minecraft:oak_sapling":3,"minecraft:coal":19,"minecraft:cobblestone":209,"minecraft:oxeye_daisy":1},"minecraft:used":{"minecraft:wooden_pickaxe":22,"minecraft:crafting_table":5,"minecraft:white_bed":3,"minecraft:wooden_axe":47,"minecraft:iron_axe":1,"minecraft:bread":10,"minecraft:iron_pickaxe":351,"minecraft:gravel":10,"minecraft:cobblestone":91,"minecraft:furnace":1,"minecraft:porkchop":3,"minecraft:yellow_bed":3},"minecraft:killed":{"minecraft:pig":4,"minecraft:iron_golem":1,"minecraft:zombie":2,"minecraft:chicken":1,"minecraft:cow":3},"minecraft:broken":{"minecraft:iron_pickaxe":1,"minecraft:wooden_axe":1},"minecraft:mined":{"minecraft:tuff":3,"minecraft:white_bed":3,"minecraft:dandelion":18,"minecraft:crafting_table":5,"minecraft:cornflower":2,"minecraft:granite":6,"minecraft:poppy":9,"minecraft:rose_bush":9,"minecraft:tall_grass":6,"minecraft:copper_ore":2,"minecraft:cobblestone":55,"minecraft:deepslate_gold_ore":7,"minecraft:lapis_ore":9,"minecraft:cartography_table":1,"minecraft:diorite":7,"minecraft:oxeye_daisy":1,"minecraft:hay_block":19,"minecraft:furnace":1,"minecraft:iron_ore":35,"minecraft:andesite":5,"minecraft:yellow_bed":3,"minecraft:grass":21,"minecraft:oak_log":25,"minecraft:coal_ore":20,"minecraft:deepslate_iron_ore":8,"minecraft:gravel":12,"minecraft:dirt":4,"minecraft:stone":156,"minecraft:oak_leaves":10,"minecraft:deepslate":27},"minecraft:custom":{"minecraft:interact_with_furnace":11,"minecraft:mob_kills":11,"minecraft:interact_with_crafting_table":9,"minecraft:bell_ring":1,"minecraft:leave_game":1,"minecraft:time_since_death":44754,"minecraft:sleep_in_bed":2,"minecraft:climb_one_cm":854,"minecraft:time_since_rest":32046,"minecraft:sprint_one_cm":150253,"minecraft:damage_taken":616,"minecraft:walk_one_cm":98801,"minecraft:drop":8,"minecraft:damage_dealt":2433,"minecraft:swim_one_cm":97137,"minecraft:fly_one_cm":204408,"minecraft:player_kills":1,"minecraft:open_chest":3,"minecraft:crouch_one_cm":1246,"minecraft:play_time":59503,"minecraft:deaths":1,"minecraft:sneak_time":720,"minecraft:walk_under_water_one_cm":13019,"minecraft:jump":1265,"minecraft:walk_on_water_one_cm":27747,"minecraft:total_world_time":59503,"minecraft:fall_one_cm":27766}},"DataVersion":3463}