{"stats":{"minecraft:crafted":{"minecraft:black_dye":3,"minecraft:oak_planks":412,"minecraft:cooked_chicken":1,"minecraft:lightning_rod":1,"minecraft:furnace":1,"minecraft:yellow_bed":1,"minecraft:bone_meal":6,"minecraft:iron_boots":1,"minecraft:iron_axe":2,"minecraft:iron_hoe":1,"minecraft:wheat":437,"minecraft:cooked_beef":3,"minecraft:red_dye":21,"minecraft:emerald":31,"minecraft:cooked_porkchop":5,"minecraft:crafting_table":1,"minecraft:wooden_pickaxe":1,"minecraft:iron_helmet":1,"minecraft:copper_ingot":3,"minecraft:bread":156,"minecraft:air":0,"minecraft:blue_dye":2,"minecraft:white_wool":16,"minecraft:iron_chestplate":1,"minecraft:yellow_dye":1,"minecraft:stick":664,"minecraft:iron_ingot":43,"minecraft:iron_pickaxe":5,"minecraft:oak_stairs":8,"minecraft:wooden_axe":1,"minecraft:iron_shovel":1,"minecraft:gold_ingot":7,"minecraft:iron_leggings":1,"minecraft:black_bed":3,"minecraft:white_bed":4},"minecraft:killed_by":{"minecraft:iron_golem":1},"minecraft:dropped":{"minecraft:iron_ingot":3,"minecraft:bread":18,"minecraft:wheat_seeds":10,"minecraft:lapis_lazuli":64,"minecraft:oak_pressure_plate":1,"minecraft:oak_log":54,"minecraft:mossy_cobblestone":7,"minecraft:crafting_table":1,"minecraft:oak_fence":54,"minecraft:feather":1,"minecraft:cobblestone":4,"minecraft:granite":6,"minecraft:grass_block":2,"minecraft:stick":2,"minecraft:emerald":3,"minecraft:oxeye_daisy":4,"minecraft:dirt":451,"minecraft:diorite":7,"minecraft:torch":2,"minecraft:oak_stairs":65,"minecraft:iron_axe":4,"minecraft:red_dye":21,"minecraft:iron_pickaxe":2,"minecraft:iron_shovel":1,"minecraft:string":64,"minecraft:dandelion":37,"minecraft:redstone":1,"minecraft:gravel":1,"minecraft:tuff":13,"minecraft:birch_sapling":6,"minecraft:raw_iron":192,"minecraft:oak_planks":91,"minecraft:stripped_oak_log":4,"minecraft:glowstone_dust":6,"minecraft:white_bed":1,"minecraft:lightning_rod":1,"minecraft:hay_block":64,"minecraft:andesite":11,"minecraft:oak_sapling":20,"minecraft:arrow":3},"minecraft:picked_up":{"minecraft:crafting_table":8,"minecraft:wheat":31,"minecraft:chicken":1,"minecraft:oak_stairs":92,"minecraft:cornflower":2,"minecraft:string":384,"minecraft:iron_axe":4,"minecraft:raw_copper":7,"minecraft:iron_shovel":2,"minecraft:smooth_stone":8,"minecraft:cartography_table":1,"minecraft:cobbled_deepslate":64,"minecraft:beef":3,"minecraft:rose_bush":14,"minecraft:iron_pickaxe":1,"minecraft:poppy":11,"minecraft:birch_sapling":8,"minecraft:furnace":1,"minecraft:raw_iron":299,"minecraft:stick":19,"minecraft:oak_fence":57,"minecraft:torch":14,"minecraft:porkchop":8,"minecraft:lightning_rod":2,"minecraft:diorite":7,"minecraft:redstone":1,"minecraft:arrow":6,"minecraft:rotten_flesh":18,"minecraft:hay_block":116,"minecraft:cobblestone":403,"minecraft:oxeye_daisy":4,"minecraft:stripped_oak_log":4,"minecraft:feather":1,"minecraft:andesite":11,"minecraft:tuff":13,"minecraft:oak_log":158,"minecraft:yellow_bed":5,"minecraft:dirt":468,"minecraft:lapis_lazuli":234,"minecraft:bone":2,"minecraft:apple":4,"minecraft:wheat_seeds":11,"minecraft:raw_gold":30,"minecraft:bell":1,"minecraft:iron_ingot":10,"minecraft:glowstone_dust":6,"minecraft:oak_planks":56,"minecraft:dandelion":38,"minecraft:oak_pressure_plate":1,"minecraft:gravel":11,"minecraft:ink_sac":3,"minecraft:white_bed":9,"minecraft:grass_block":2,"minecraft:mossy_cobblestone":7,"minecraft:diamond":4,"minecraft:granite":6,"minecraft:emerald":3,"minecraft:oak_sapling":37,"minecraft:coal":19,"minecraft:ender_pearl":3},"minecraft:used":{"minecraft:oak_fence":3,"minecraft:rose_bush":9,"minecraft:iron_shovel":503,"minecraft:bell":1,"minecraft:iron_chestplate":1,"minecraft:torch":5,"minecraft:dirt":2,"minecraft:iron_hoe":17,"minecraft:wooden_axe":47,"minecraft:iron_axe":372,"minecraft:oak_stairs":15,"minecraft:birch_sapling":2,"minecraft:iron_helmet":1,"minecraft:iron_boots":1,"minecraft:furnace":2,"minecraft:oak_sapling":13,"minecraft:iron_leggings":1,"minecraft:oak_planks":9,"minecraft:wooden_pickaxe":22,"minecraft:fletching_table":3,"minecraft:crafting_table":8,"minecraft:white_bed":9,"minecraft:black_bed":5,"minecraft:lightning_rod":2,"minecraft:oak_log":1,"minecraft:bread":48,"minecraft:iron_pickaxe":757,"minecraft:gravel":10,"minecraft:cobblestone":209,"minecraft:porkchop":3,"minecraft:yellow_bed":4,"minecraft:bone_meal":6},"minecraft:killed":{"minecraft:witch":1,"minecraft:skeleton":5,"minecraft:chicken":1,"minecraft:pig":4,"minecraft:iron_golem":2,"minecraft:zombie":8,"minecraft:glow_squid":1,"minecraft:cow":3,"minecraft:enderman":4},"minecraft:broken":{"minecraft:iron_shovel":2,"minecraft:iron_axe":1,"minecraft:iron_pickaxe":3,"minecraft:wooden_axe":1},"minecraft:mined":{"minecraft:tuff":13,"minecraft:white_bed":8,"minecraft:oak_sapling":4,"minecraft:mossy_cobblestone":7,"minecraft:deepslate_diamond_ore":4,"minecraft:cobblestone_stairs":6,"minecraft:granite":6,"minecraft:grass_block":138,"minecraft:cartography_table":1,"minecraft:oxeye_daisy":1,"minecraft:smooth_stone":8,"minecraft:hay_block":52,"minecraft:furnace":1,"minecraft:iron_ore":51,"minecraft:andesite":11,"minecraft:deepslate_lapis_ore":11,"minecraft:bell":1,"minecraft:deepslate_iron_ore":56,"minecraft:oak_stairs":96,"minecraft:stripped_oak_log":4,"minecraft:stone":205,"minecraft:oak_slab":3,"minecraft:glass_pane":4,"minecraft:dandelion":18,"minecraft:oak_fence":8,"minecraft:crafting_table":7,"minecraft:cornflower":2,"minecraft:torch":4,"minecraft:poppy":9,"minecraft:chest":1,"minecraft:rose_bush":15,"minecraft:lightning_rod":2,"minecraft:copper_ore":4,"minecraft:tall_grass":6,"minecraft:cobblestone":206,"minecraft:lapis_ore":14,"minecraft:deepslate_gold_ore":24,"minecraft:bricks":2,"minecraft:oak_planks":55,"minecraft:diorite":7,"minecraft:wall_torch":2,"minecraft:cobblestone_wall":1,"minecraft:yellow_bed":5,"minecraft:grass":30,"minecraft:coal_ore":20,"minecraft:oak_log":161,"minecraft:gravel":12,"minecraft:dirt":371,"minecraft:gold_ore":6,"minecraft:oak_leaves":30,"minecraft:deepslate":79},"minecraft:custom":{"minecraft:mob_kills":29,"minecraft:interact_with_crafting_table":40,"minecraft:bell_ring":211,"minecraft:leave_game":1,"minecraft:time_since_death":89135,"minecraft:climb_one_cm":854,"minecraft:sprint_one_cm":440076,"minecraft:walk_one_cm":377944,"minecraft:drop":428,"minecraft:talked_to_villager":34,"minecraft:play_time":173503,"minecraft:deaths":2,"minecraft:sneak_time":3304,"minecraft:walk_under_water_one_cm":25726,"minecraft:jump":3686,"minecraft:walk_on_water_one_cm":38714,"minecraft:total_world_time":173503,"minecraft:interact_with_furnace":16,"minecraft:traded_with_villager":31,"minecraft:sleep_in_bed":4,"minecraft:time_since_rest":20717,"minecraft:damage_taken":2230,"minecraft:damage_dealt":8578,"minecraft:player_kills":4,"minecraft:swim_one_cm":128219,"minecraft:fly_one_cm":614138,"minecraft:open_chest":30,"minecraft:crouch_one_cm":12209,"minecraft:fall_one_cm":107062}},"DataVersion":3463}