[
  {
    "uuid": "e54296cf-bd71-4a19-87ec-6673100ec706",
    "displayName": {
      "insertion": "Kou09",
      "clickEvent": {
        "action": "suggest_command",
        "value": "/tell Kou09 "
      },
      "hoverEvent": {
        "action": "show_entity",
        "contents": {
          "type": "minecraft:player",
          "id": "e54296cf-bd71-4a19-87ec-6673100ec706",
          "name": {
            "text": "Kou09"
          }
        }
      },
      "extra": [
        {
          "text": "Kou09"
        }
      ],
      "text": ""
    },
    "animation": "null"
  },
  {
    "uuid": "20d9237b-fd1b-409c-a3fd-3375980cfe64",
    "displayName": {
      "insertion": "zNiio",
      "clickEvent": {
        "action": "suggest_command",
        "value": "/tell zNiio "
      },
      "hoverEvent": {
        "action": "show_entity",
        "contents": {
          "type": "minecraft:player",
          "id": "20d9237b-fd1b-409c-a3fd-3375980cfe64",
          "name": {
            "text": "zNiio"
          }
        }
      },
      "extra": [
        {
          "text": "zNiio"
        }
      ],
      "text": ""
    },
    "animation": "null"
  }
]